playerID_2024,name,age,position,team,G,AB,R,H,doubles,triples,HR,RBI,BB,SO,SB,CS,AVG,OBP,SLG,OPS
5,MarcellOzuna,33,DH,ATL,162,606,96,183,31,0,39,104,74,170,1,0,0.302,0.378,0.546,0.924
27,MattOlson,30,1B,ATL,162,600,78,148,37,1,29,98,71,170,0,0,0.247,0.333,0.457,0.79
73,JorgeSoler,32,RF,ATL,142,493,84,119,34,1,21,64,68,141,1,0,0.241,0.338,0.442,0.848
96,AustinRiley,27,3B,ATL,110,425,63,109,26,2,19,56,37,118,0,0,0.256,0.322,0.461,0.674
112,OrlandoArcia,29,SS,ATL,157,551,50,120,24,0,17,46,41,128,2,0,0.218,0.271,0.354,0.739
119,MichaelHarris,#N/A,CF,ATL,110,440,58,116,14,3,16,48,23,94,10,6,0.264,0.304,0.418,0.762
134,JarredKelenic,24,LF,ATL,131,412,49,95,18,2,15,45,32,133,7,2,0.231,0.286,0.393,0.702
144,Travisd'Arnaud,35,C,ATL,99,307,40,73,16,0,15,48,24,89,1,0,0.238,0.302,0.436,0.759
197,AdamDuvall,35,LF,ATL,104,303,29,55,10,0,11,30,21,99,0,0,0.182,0.245,0.323,0.737
199,RamónLaureano,29,RF,ATL,98,286,35,74,16,1,11,33,15,96,8,3,0.259,0.311,0.437,0.91
207,OzzieAlbies,27,2B,ATL,99,399,52,100,29,1,10,53,27,65,8,1,0.251,0.303,0.404,0.687
215,SeanMurphy,29,C,ATL,72,233,19,45,5,1,10,25,27,67,0,0,0.193,0.284,0.352,0.63
217,EddieRosario,32,LF,ATL,91,297,33,52,12,0,10,35,16,77,9,1,0.175,0.215,0.316,0.651
242,GioUrshela,32,3B,ATL,128,432,34,108,19,1,9,52,23,72,0,0,0.25,0.286,0.361,0.654
312,CavanBiggio,29,2B,ATL,78,188,27,37,5,0,5,19,24,72,2,0,0.197,0.314,0.303,1.05
345,RonaldAcuña,26,RF,ATL,49,192,38,48,8,1,4,15,27,53,16,3,0.25,0.351,0.365,0.577
370,WhitMerrifield,35,2B,ATL,95,293,44,65,9,3,4,15,35,52,17,3,0.222,0.311,0.314,0.564
521,EliWhite,30,RF,ATL,35,39,9,11,1,1,1,4,1,12,3,1,0.282,0.333,0.436,0
527,NachoAlvarez,21,2B,ATL,8,30,1,3,0,0,0,0,0,10,0,0,0.1,0.156,0.1,0.724
530,BrianAnderson,31,RF,ATL,3,5,0,0,0,0,0,0,0,2,0,0,0,0,0,0.361
582,DavidFletcher,30,2B,ATL,5,8,0,2,0,0,0,2,0,1,0,0,0.25,0.222,0.25,0.396
650,J.P.Martínez,28,X,ATL,7,10,2,2,1,0,0,0,0,4,1,0,0.2,0.2,0.3,0.481
698,ZackShort,29,3B,ATL,42,70,11,9,3,0,0,5,14,24,2,1,0.129,0.282,0.171,0.566
717,ChadwickTromp,29,C,ATL,19,52,3,13,6,0,0,6,1,17,0,0,0.25,0.259,0.365,
734,LukeWilliams,27,X,ATL,37,46,8,9,3,0,0,4,4,13,3,0,0.196,0.275,0.261,
10,KetelMarte,30,2B,ARI,136,504,93,147,23,2,36,95,65,106,7,1,0.292,0.372,0.56,0.932
23,EugenioSuárez,32,3B,ARI,158,571,90,146,28,2,30,101,49,176,2,1,0.256,0.319,0.469,0.788
36,ChristianWalker,33,1B,ARI,130,479,72,120,26,0,26,84,55,133,2,2,0.251,0.335,0.468,0.803
54,JocPederson,32,DH,ARI,132,367,62,101,17,1,23,64,55,105,7,4,0.275,0.393,0.515,0.748
59,CorbinCarroll,23,CF,ARI,158,589,121,136,22,14,22,74,73,130,35,8,0.231,0.322,0.428,0.854
91,JoshBell,31,1B,ARI,145,538,62,134,23,2,19,71,51,120,0,1,0.249,0.319,0.405,0.671
105,LourdesGurriel,30,LF,ARI,133,513,72,143,22,2,18,75,29,101,7,1,0.279,0.322,0.435,0.73
185,RandalGrichuk,32,X,ARI,106,254,40,74,20,2,12,46,20,46,0,0,0.291,0.348,0.528,0.759
237,PavinSmith,28,1B,ARI,60,137,26,37,11,0,9,36,18,31,1,0,0.27,0.348,0.547,0.637
260,JakeMcCarthy,26,RF,ARI,142,442,66,126,13,7,8,56,31,78,25,6,0.285,0.349,0.4,0.642
336,GabrielMoreno,24,C,ARI,97,305,39,81,18,1,5,45,41,52,3,1,0.266,0.353,0.38,0.633
354,AdrianDel Castillo,24,C,ARI,25,80,12,25,5,0,4,19,7,28,1,1,0.313,0.368,0.525,0.626
380,BlazeAlexander,25,SS,ARI,61,166,19,41,7,0,3,21,15,49,3,1,0.247,0.321,0.343,0.641
403,KevinNewman,30,SS,ARI,111,288,41,80,17,1,3,28,15,48,8,1,0.278,0.311,0.375,0.562
404,GeraldoPerdomo,24,SS,ARI,98,337,61,92,21,2,3,37,36,58,9,1,0.273,0.344,0.374,0.521
412,AlekThomas,24,CF,ARI,39,95,13,18,5,1,3,17,7,17,4,1,0.189,0.245,0.358,0.655
482,JoseHerrera,#N/A,C,ARI,42,97,11,22,4,1,1,13,9,27,0,0,0.227,0.29,0.32,0.575
537,TuckerBarnhart,33,C,ARI,31,81,13,14,3,0,0,6,13,31,1,0,0.173,0.287,0.21,1
538,JorgeBarrosa,23,CF,ARI,8,17,3,3,2,0,0,1,0,2,1,0,0.176,0.176,0.294,0
586,LuisFrías,26,P,ARI,7,0,0,0,0,0,0,0,0,0,0,0,0,0,0,0
591,KevinGinkel,30,P,ARI,72,0,0,0,0,0,0,0,0,0,0,0,0,0,0,0
597,LuisGuillorme,29,2B,ARI,79,161,14,33,9,1,0,10,23,36,4,2,0.205,0.301,0.273,0.524
619,BryceJarvis,26,P,ARI,44,0,0,0,0,0,0,0,0,0,0,0,0,0,0,0
645,JoeMantiply,33,P,ARI,75,0,0,0,0,0,0,0,0,0,0,0,0,0,0,0.526
648,JustinMartinez,#N/A,P,ARI,64,0,0,0,0,0,0,0,0,0,0,0,0,0,0,0
656,ScottMcGough,34,P,ARI,26,1,0,0,0,0,0,0,0,1,0,0,0,0,0,0.574
677,JacePeterson,34,X,ARI,14,22,2,1,0,0,0,1,3,6,0,0,0.045,0.154,0.045,0
679,A.J.Puk,29,P,ARI,30,0,0,0,0,0,0,0,0,0,0,0,0,0,0,0.708
697,PaulSewald,34,P,ARI,42,0,0,0,0,0,0,0,0,0,0,0,0,0,0,0.524
713,RyanThompson,32,P,ARI,67,0,0,0,0,0,0,0,0,0,0,0,0,0,0,0
3,AnthonySantander,29,RF,BAL,155,595,91,140,25,2,44,102,58,129,2,0,0.235,0.308,0.506,0.814
9,GunnarHenderson,23,SS,BAL,159,630,118,177,31,7,37,92,78,159,21,4,0.281,0.364,0.529,0.893
43,ColtonCowser,24,LF,BAL,153,499,77,121,24,3,24,69,52,172,9,4,0.242,0.321,0.447,0.768
97,AdleyRutschman,26,C,BAL,148,571,68,143,21,1,19,79,58,103,1,0,0.25,0.318,0.391,0.782
106,CedricMullins,29,CF,BAL,147,444,69,104,16,3,18,54,41,98,32,6,0.234,0.305,0.405,0.7
110,JordanWestburg,25,3B,BAL,107,416,57,110,26,5,18,63,22,97,6,3,0.264,0.312,0.481,0.714
137,RyanO'Hearn,30,DH,BAL,142,443,60,117,21,3,15,59,46,69,3,1,0.264,0.334,0.427,0.709
165,RyanMountcastle,27,1B,BAL,124,473,54,128,30,2,13,63,27,114,3,0,0.271,0.308,0.425,0.619
205,RamónUrías,30,3B,BAL,100,272,39,69,9,2,11,37,23,55,1,1,0.254,0.322,0.423,0.693
259,JamesMcCann,34,C,BAL,66,214,27,50,9,0,8,31,13,56,1,0,0.234,0.279,0.388,0.642
301,EloyJiménez,27,DH,BAL,98,324,25,77,14,0,6,23,22,70,3,0,0.238,0.289,0.336,0.617
324,JacksonHolliday,20,2B,BAL,60,190,28,36,4,2,5,23,15,69,4,0,0.189,0.255,0.311,0.733
331,JorgeMateo,29,2B,BAL,68,192,30,44,14,2,5,18,10,48,13,2,0.229,0.267,0.401,0.506
339,EmmanuelRivera,28,3B,BAL,124,265,24,63,9,2,5,29,26,69,2,0,0.238,0.312,0.343,0.693
364,HestonKjerstad,25,DH,BAL,39,99,8,25,2,0,4,14,10,33,1,0,0.253,0.351,0.394,0.623
447,AustinSlater,31,LF,BAL,84,177,24,37,4,0,2,18,26,60,3,2,0.209,0.321,0.266,0.631
541,DavidBañuelos,27,X,BAL,1,1,0,0,0,0,0,0,0,0,0,0,0,0,0,0
562,DannyCoulombe,34,P,BAL,33,0,0,0,0,0,0,0,0,0,0,0,0,0,0,0.162
569,SeranthonyDomínguez,29,P,BAL,25,0,0,0,0,0,0,0,0,0,0,0,0,0,0,0
604,JonathanHeasley,27,P,BAL,4,0,0,0,0,0,0,0,0,0,0,0,0,0,0,0
621,DanielJohnson,28,RF,BAL,1,1,1,0,0,0,0,0,0,0,0,0,0,0,0,0
624,TonyKemp,32,2B,BAL,5,9,1,0,0,0,0,0,1,1,0,0,0,0.1,0,0
626,CraigKimbrel,36,P,BAL,57,0,0,0,0,0,0,0,0,0,0,0,0,0,0,0.469
652,NickMaton,27,X,BAL,5,5,0,0,0,0,0,0,0,2,0,0,0,0,0,0
653,CobyMayo,22,3B,BAL,17,41,4,4,0,0,0,0,4,22,0,0,0.098,0.196,0.098,0
703,LivanSoto,#N/A,2B,BAL,13,13,1,3,1,0,0,0,3,3,0,0,0.231,0.375,0.308,0
708,AlbertSuárez,34,P,BAL,32,0,0,0,0,0,0,0,0,0,0,0,0,0,0,0
727,JacobWebb,30,P,BAL,60,0,0,0,0,0,0,0,0,0,0,0,0,0,0,
19,TylerO'Neill,29,LF,BOS,113,411,74,99,18,0,31,61,53,159,4,0,0.241,0.336,0.511,0.847
28,RafaelDevers,27,3B,BOS,138,525,87,143,34,5,28,83,67,147,3,0,0.272,0.354,0.516,0.87
69,JarrenDuran,27,CF,BOS,160,671,111,191,48,14,21,75,54,160,34,7,0.285,0.342,0.492,0.732
128,WilyerAbreu,25,RF,BOS,132,399,59,101,33,2,15,58,40,125,8,3,0.253,0.322,0.459,0.627
139,CeddanneRafaela,23,CF,BOS,152,544,70,134,23,5,15,75,15,151,19,10,0.246,0.274,0.39,0.73
158,TristonCasas,24,1B,BOS,63,212,28,51,8,0,13,32,30,77,0,1,0.241,0.337,0.462,0.689
179,ConnorWong,28,C,BOS,126,447,54,125,24,1,13,52,28,114,8,7,0.28,0.333,0.425,0.876
201,RobRefsnyder,33,LF,BOS,93,272,32,77,16,1,11,40,28,78,2,2,0.283,0.359,0.471,0.67
221,MasatakaYoshida,30,DH,BOS,108,378,45,106,21,0,10,56,27,52,2,0,0.28,0.349,0.415,0.658
229,DannyJansen,29,C,BOS,91,278,35,57,13,0,9,24,40,61,0,0,0.205,0.309,0.349,0.895
253,DavidHamilton,26,SS,BOS,98,294,47,73,17,1,8,28,22,80,33,4,0.248,0.303,0.395,0.75
300,RomyGonzalez,#N/A,X,BOS,89,199,25,53,10,1,6,29,12,58,11,3,0.266,0.306,0.417,0.608
309,EnmanuelValdez,#N/A,2B,BOS,76,201,23,43,12,0,6,28,17,53,1,1,0.214,0.27,0.363,0.819
399,ReeseMcGuire,29,C,BOS,53,139,10,29,3,0,3,18,13,39,3,0,0.209,0.28,0.295,0.836
448,TrevorStory,31,SS,BOS,26,94,8,24,7,0,2,10,11,33,6,3,0.255,0.34,0.394,0.566
452,JamieWestbrook,29,2B,BOS,21,40,4,6,2,0,2,7,4,14,0,0,0.15,0.234,0.35,0.621
465,GarrettCooper,33,1B,BOS,36,107,6,22,5,1,1,11,7,35,0,0,0.206,0.267,0.299,0.415
467,BobbyDalbec,29,1B,BOS,37,83,6,11,2,0,1,8,8,43,3,0,0.133,0.217,0.193,1.133
531,ChaseAnderson,36,P,BOS,27,0,0,0,0,0,0,0,0,0,0,0,0,0,0,0
543,BrennanBernardino,32,P,BOS,57,0,0,0,0,0,0,0,0,0,0,0,0,0,0,0
555,IsaiahCampbell,26,P,BOS,8,0,0,0,0,0,0,0,0,0,0,0,0,0,0,0
589,MickeyGasper,28,2B,BOS,13,18,1,0,0,0,0,0,4,8,0,0,0,0.217,0,0
596,VaughnGrissom,23,2B,BOS,31,105,10,20,3,0,0,6,7,24,2,0,0.19,0.246,0.219,0
618,KenleyJansen,36,P,BOS,54,0,0,0,0,0,0,0,0,0,0,0,0,0,0,0.562
647,ChrisMartin,38,P,BOS,45,0,0,0,0,0,0,0,0,0,0,0,0,0,0,0
675,ZachPenrod,27,P,BOS,7,0,0,0,0,0,0,0,0,0,0,0,0,0,0,0.651
699,ChaseShugart,27,P,BOS,6,0,0,0,0,0,0,0,0,0,0,0,0,0,0,0
702,NickSogard,26,2B,BOS,31,77,13,21,4,0,0,8,7,25,3,0,0.273,0.326,0.325,0
737,JoshWinckowski,26,P,BOS,40,0,0,0,0,0,0,0,0,0,0,0,0,0,0,
39,IanHapp,29,LF,CHC,153,569,89,138,34,2,25,86,80,168,13,2,0.243,0.341,0.441,0.782
65,MichaelBusch,26,1B,CHC,152,496,73,123,28,2,21,65,63,162,2,1,0.248,0.335,0.44,0.791
74,SeiyaSuzuki,29,RF,CHC,132,512,74,145,27,6,21,73,63,160,16,6,0.283,0.366,0.482,0.807
94,IsaacParedes,25,3B,CHC,153,542,64,129,25,1,19,80,76,105,1,1,0.238,0.346,0.393,0.783
101,CodyBellinger,28,RF,CHC,130,516,72,137,23,3,18,78,45,89,9,2,0.266,0.325,0.426,0.762
126,DansbySwanson,30,SS,CHC,149,534,82,129,27,2,16,66,54,144,19,3,0.242,0.312,0.39,0.848
208,PeteCrow-Armstrong,22,CF,CHC,123,372,46,88,13,6,10,47,21,98,27,3,0.237,0.286,0.384,0.636
244,MiguelAmaya,25,C,CHC,117,328,32,76,13,2,8,47,23,62,0,0,0.232,0.288,0.357,0.698
272,PatrickWisdom,32,X,CHC,75,158,16,27,7,2,8,23,10,59,5,0,0.171,0.237,0.392,0.715
280,NicoHoerner,27,2B,CHC,151,582,86,159,35,1,7,48,44,66,31,6,0.273,0.335,0.373,0.7
289,MikeTauchman,33,RF,CHC,109,298,50,74,12,1,7,29,47,70,6,2,0.248,0.357,0.366,0.685
311,ChristianBethancourt,32,C,CHC,62,139,18,29,7,0,5,22,5,36,3,0,0.209,0.241,0.367,0.8
372,TomásNido,30,C,CHC,49,130,14,25,4,0,4,12,5,35,0,0,0.192,0.219,0.315,0.673
430,YanGomes,36,C,CHC,34,91,7,14,2,0,2,7,2,36,0,0,0.154,0.179,0.242,0.57
462,AlexanderCanario,24,LF,CHC,15,25,4,7,1,0,1,2,2,11,1,0,0.28,0.357,0.44,0.581
523,KevinAlcantara,#N/A,RF,CHC,3,10,1,1,0,0,0,0,0,1,0,0,0.1,0.1,0.1,0
547,DavidBote,31,3B,CHC,37,46,4,14,4,0,0,6,2,13,0,0,0.304,0.333,0.391,0
612,PorterHodge,23,P,CHC,39,0,0,0,0,0,0,0,0,0,0,0,0,0,0,0
644,NickMadrigal,27,3B,CHC,51,86,5,19,3,0,0,10,4,10,1,0,0.221,0.28,0.256,0.632
651,MilesMastrobuoni,28,3B,CHC,50,98,9,19,3,0,0,4,7,17,2,0,0.194,0.245,0.224,0.199
660,JulianMerryweather,32,P,CHC,15,0,0,0,0,0,0,0,0,0,0,0,0,0,0,0
661,MattMervis,26,DH,CHC,9,26,1,3,1,0,0,3,1,8,0,0,0.115,0.148,0.154,0.326
668,HéctorNeris,35,P,CHC,46,0,0,0,0,0,0,0,0,0,0,0,0,0,0,0.787
723,LuisVázquez,24,SS,CHC,11,12,2,1,0,0,0,1,0,6,0,0,0.083,0.143,0.083,
37,EllyDe La Cruz,22,SS,CIN,160,618,105,160,36,10,25,76,69,218,67,16,0.259,0.339,0.471,0.81
83,JeimerCandelario,30,3B,CIN,112,427,47,96,23,2,20,56,27,114,4,3,0.225,0.279,0.429,0.739
90,SpencerSteer,26,LF,CIN,158,574,74,129,34,4,20,92,72,137,25,3,0.225,0.319,0.402,0.863
99,TylerStephenson,27,C,CIN,138,457,69,118,26,1,19,66,48,117,1,0,0.258,0.338,0.444,0.859
133,JonathanIndia,27,2B,CIN,151,533,84,132,28,2,15,58,80,125,13,2,0.248,0.357,0.392,0.761
145,WillBenson,26,LF,CIN,128,343,41,64,19,2,14,43,40,154,16,7,0.187,0.274,0.376,0.755
159,TyFrance,29,1B,CIN,140,479,46,112,24,0,13,51,38,114,1,1,0.234,0.305,0.365,0.646
160,TJFriedl,28,CF,CIN,85,297,35,67,5,1,13,55,26,52,9,1,0.226,0.31,0.38,0.733
224,SantiagoEspinal,29,3B,CIN,118,357,32,88,12,0,9,45,24,54,11,1,0.246,0.295,0.356,0.743
251,StuartFairchild,28,CF,CIN,94,209,33,45,8,0,8,30,17,60,13,1,0.215,0.286,0.368,0.749
307,DominicSmith,29,DH,CIN,93,275,33,64,22,0,6,34,28,76,1,1,0.233,0.313,0.378,0.646
319,JakeFraley,29,RF,CIN,116,350,44,97,19,2,5,26,26,70,20,5,0.277,0.33,0.386,0.668
323,ReceHinds,23,RF,CIN,24,46,9,12,4,1,5,11,4,16,2,0,0.261,0.333,0.717,0.617
330,NickMartini,34,DH,CIN,52,146,23,31,4,2,5,24,9,38,1,3,0.212,0.272,0.37,0.543
368,NoelviMarte,#N/A,3B,CIN,66,229,24,48,9,0,4,18,9,75,9,3,0.21,0.248,0.301,0.521
409,AmedRosario,28,DH,CIN,103,332,29,93,18,3,3,32,9,73,13,5,0.28,0.306,0.38,0.624
427,ChristianEncarnacion-Strand,24,1B,CIN,29,116,13,22,6,0,2,16,4,35,0,0,0.19,0.22,0.293,0.608
436,LukeMaile,33,C,CIN,55,135,8,24,4,0,2,8,13,52,2,0,0.178,0.268,0.252,0.664
472,BlakeDunn,25,LF,CIN,19,26,8,4,1,0,1,1,2,11,2,0,0.154,0.241,0.308,0.369
476,MikeFord,31,DH,CIN,17,60,2,9,0,1,1,4,2,15,0,0,0.15,0.177,0.233,0.606
556,ConnerCapel,27,DH,CIN,5,8,1,2,0,0,0,0,0,2,1,0,0.25,0.25,0.25,0.762
564,FernandoCruz,34,P,CIN,69,0,0,0,0,0,0,0,0,0,0,0,0,0,0,0
572,AlexisDíaz,27,P,CIN,60,0,0,0,0,0,0,0,0,0,0,0,0,0,0,0.337
577,BuckFarmer,33,P,CIN,61,0,0,0,0,0,0,0,0,0,0,0,0,0,0,0
617,JacobHurtubise,26,LF,CIN,29,54,7,10,1,1,0,4,6,18,2,0,0.185,0.297,0.241,0.243
622,LeviJordan,28,LF,CIN,7,10,1,1,1,0,0,1,0,3,0,0,0.1,0.091,0.2,0.583
684,EdwinRios,#N/A,1B,CIN,5,9,1,1,0,0,0,0,1,4,0,0,0.111,0.2,0.111,0.166
700,LucasSims,30,P,CIN,43,0,0,0,0,0,0,0,0,0,0,0,0,0,0,0.493
712,BubbaThompson,26,X,CIN,17,18,5,2,1,0,0,0,0,11,5,0,0.111,0.111,0.167,0
732,JoeyWiemer,25,LF,CIN,21,26,2,4,0,0,0,0,2,9,1,1,0.154,0.214,0.154,
736,JustinWilson,36,P,CIN,60,0,0,0,0,0,0,0,0,0,0,0,0,0,0,
738,AustinWynns,33,C,CIN,7,19,3,7,4,0,0,2,0,5,0,0,0.368,0.4,0.579,
739,EricYang,26,X,CIN,1,1,0,0,0,0,0,0,0,1,0,0,0,0,0,
741,AlexYoung,30,P,CIN,3,0,0,0,0,0,0,0,0,0,0,0,0,0,0,
6,JoséRamírez,31,3B,CLE,158,620,114,173,39,2,39,118,54,82,41,7,0.279,0.335,0.537,0.872
18,JoshNaylor,27,1B,CLE,152,563,84,137,27,0,31,108,58,105,6,2,0.243,0.32,0.456,0.776
141,LaneThomas,28,CF,CLE,130,472,65,112,26,3,15,63,44,137,32,14,0.237,0.309,0.4,0.65
150,DavidFry,28,DH,CLE,122,335,44,88,18,1,14,51,42,84,4,1,0.263,0.356,0.448,0.657
151,StevenKwan,26,LF,CLE,122,480,83,140,16,3,14,44,53,51,12,5,0.292,0.368,0.425,0.765
166,BoNaylor,24,C,CLE,123,354,39,71,10,2,13,39,29,122,6,3,0.201,0.264,0.35,0.705
167,JhonkensyNoel,22,RF,CLE,67,179,25,39,7,1,13,28,13,63,0,0,0.218,0.288,0.486,0.625
226,AndrésGiménez,25,2B,CLE,152,583,64,147,22,1,9,63,26,97,30,5,0.252,0.298,0.34,0.732
246,WillBrennan,26,RF,CLE,114,330,37,87,13,2,8,30,19,48,4,2,0.264,0.309,0.388,0.615
265,BrayanRocchio,23,SS,CLE,143,383,50,79,18,0,8,36,44,90,10,6,0.206,0.298,0.316,0.69
276,TylerFreeman,25,CF,CLE,118,330,48,69,14,1,7,32,28,53,11,6,0.209,0.305,0.321,0.619
329,KyleManzardo,23,DH,CLE,53,145,11,34,12,0,5,15,9,41,0,0,0.234,0.282,0.421,0.622
340,DanielSchneemann,27,SS,CLE,73,193,17,42,10,2,5,22,25,70,3,2,0.218,0.303,0.368,0.631
381,GabrielArias,24,3B,CLE,53,153,15,34,9,1,3,15,6,53,5,2,0.222,0.255,0.353,0.581
390,EstevanFlorial,26,LF,CLE,36,98,11,17,6,2,3,11,11,41,2,1,0.173,0.264,0.367,0.585
398,AngelMartínez,#N/A,CF,CLE,43,151,16,35,7,0,3,11,15,33,3,1,0.232,0.298,0.338,0.665
431,AustinHedges,31,C,CLE,66,132,12,20,3,0,2,15,6,50,2,0,0.152,0.203,0.22,0.587
533,PedroAvila,27,P,CLE,50,0,0,0,0,0,0,0,0,0,0,0,0,0,0,0.143
587,HunterGaddis,26,P,CLE,78,0,0,0,0,0,0,0,0,0,0,0,0,0,0,0
613,SpencerHoward,27,P,CLE,2,0,0,0,0,0,0,0,0,0,0,0,0,0,0,0
688,JohnathanRodriguez,#N/A,RF,CLE,13,31,6,4,1,0,0,5,9,14,0,0,0.129,0.325,0.161,0.393
707,MylesStraw,29,X,CLE,7,4,2,1,0,0,0,0,0,0,2,0,0.25,0.25,0.25,0.629
35,EzequielTovar,22,SS,COL,157,655,83,176,45,4,26,78,23,200,6,5,0.269,0.295,0.469,0.764
40,MichaelToglia,25,1B,COL,116,399,62,87,14,3,25,55,54,147,10,1,0.218,0.311,0.456,0.767
51,BrentonDoyle,26,CF,COL,149,542,82,141,24,4,23,72,46,153,30,5,0.26,0.317,0.446,0.761
86,RyanMcMahon,29,3B,COL,153,567,68,137,28,0,20,65,69,185,4,6,0.242,0.325,0.397,0.734
161,HunterGoodman,24,RF,COL,70,211,24,40,9,0,13,36,8,64,1,1,0.19,0.228,0.417,0.614
169,BrendanRodgers,27,2B,COL,135,501,67,134,29,1,13,54,31,132,1,0,0.267,0.314,0.407,0.731
182,CharlieBlackmon,37,DH,COL,124,449,59,115,24,5,12,52,43,86,6,2,0.256,0.329,0.412,0.79
211,SamHilliard,30,LF,COL,58,138,26,33,5,1,10,27,14,56,5,2,0.239,0.305,0.507,0.66
239,JacobStallings,34,C,COL,82,243,31,64,17,1,9,36,27,65,0,0,0.263,0.357,0.453,0.661
275,JakeCave,31,RF,COL,123,323,42,81,16,5,7,37,18,98,5,2,0.251,0.29,0.396,0.613
371,ElehurisMontero,25,1B,COL,67,224,23,46,10,0,4,28,20,56,0,0,0.205,0.267,0.304,0.777
382,JordanBeck,23,LF,COL,55,170,14,32,6,0,3,13,12,65,7,1,0.188,0.245,0.276,0.585
394,NolanJones,26,LF,COL,79,256,28,58,13,1,3,28,36,91,5,4,0.227,0.321,0.32,0.686
424,KrisBryant,32,DH,COL,37,133,9,29,5,0,2,15,13,48,0,0,0.218,0.323,0.301,0.721
444,AaronSchunk,26,2B,COL,39,94,14,22,3,0,2,7,4,31,0,1,0.234,0.265,0.33,0.619
459,SeanBouchard,28,RF,COL,31,91,14,17,7,0,1,8,12,33,4,0,0.187,0.29,0.297,0.717
485,GregJones,26,RF,COL,6,5,1,1,0,0,1,1,1,4,0,0,0.2,0.333,0.8,0.552
528,AdaelAmador,21,2B,COL,10,35,1,6,1,0,0,0,1,6,1,0,0.171,0.194,0.2,0.222
542,JalenBeeks,30,P,COL,45,0,0,0,0,0,0,0,0,0,0,0,0,0,0,0
563,JeffCriswell,25,P,COL,13,0,0,0,0,0,0,0,0,0,0,0,0,0,0,0
585,KyleFreeland,31,P,COL,22,0,0,0,0,0,0,0,0,0,0,0,0,0,0,0
601,SethHalvorsen,24,P,COL,12,0,0,0,0,0,0,0,0,0,0,0,0,0,0,0.1
629,TylerKinley,33,P,COL,67,0,0,0,0,0,0,0,0,0,0,0,0,0,0,0
633,MattKoch,33,P,COL,2,0,0,0,0,0,0,0,0,0,0,0,0,0,0,0
635,PeterLambert,27,P,COL,28,0,0,0,0,0,0,0,0,0,0,0,0,0,0,0
638,JustinLawrence,29,P,COL,56,0,0,0,0,0,0,0,0,0,0,0,0,0,0,0
658,NickMears,27,P,COL,41,0,0,0,0,0,0,0,0,0,0,0,0,0,0,0.311
692,DrewRomo,22,C,COL,16,51,4,9,3,0,0,6,2,18,0,1,0.176,0.208,0.235,0
716,AlanTrejo,28,2B,COL,28,63,4,9,0,0,0,1,2,15,0,0,0.143,0.182,0.143,
720,VictorVodnik,24,P,COL,64,0,0,0,0,0,0,0,0,0,0,0,0,0,0,
81,AndrewBenintendi,29,LF,CWS,135,477,50,109,20,0,20,64,41,96,3,2,0.229,0.289,0.396,0.708
100,AndrewVaughn,26,1B,CWS,149,570,55,140,30,1,19,70,38,132,2,0,0.246,0.297,0.402,0.932
155,LuisRobert,26,CF,CWS,100,393,47,88,19,0,14,35,28,141,23,6,0.224,0.278,0.379,0.69
189,KoreyLee,25,C,CWS,125,377,36,79,14,1,12,37,17,122,6,3,0.21,0.244,0.347,0.688
218,GavinSheets,28,RF,CWS,139,451,35,105,24,1,10,45,43,106,2,2,0.233,0.303,0.357,0.638
268,LenynSosa,24,3B,CWS,100,351,28,89,13,0,8,35,12,77,3,1,0.254,0.283,0.359,0.709
287,NickSenzel,29,3B,CWS,74,236,25,46,11,0,7,18,28,61,1,3,0.195,0.283,0.331,0.695
343,MiguelVargas,24,3B,CWS,72,206,22,31,7,0,5,16,25,57,3,1,0.15,0.249,0.257,0.657
366,MartínMaldonado,37,C,CWS,48,135,9,16,3,0,4,11,8,51,0,0,0.119,0.174,0.23,0.664
395,CoreyJulks,28,RF,CWS,66,173,17,37,7,0,3,14,15,50,5,2,0.214,0.275,0.306,0.601
400,DannyMendick,30,3B,CWS,47,132,13,26,7,0,3,8,6,35,6,0,0.197,0.243,0.318,0.647
405,BryanRamos,22,3B,CWS,32,99,13,20,4,0,3,11,7,22,0,2,0.202,0.252,0.333,0.686
421,BrooksBaldwin,23,2B,CWS,33,114,9,24,6,0,2,8,6,31,4,0,0.211,0.25,0.316,0.91
469,ZachDeLoach,25,RF,CWS,22,67,10,14,5,0,1,5,8,21,0,1,0.209,0.293,0.328,0.599
475,DominicFletcher,26,RF,CWS,72,223,14,46,8,0,1,17,11,58,0,0,0.206,0.252,0.256,0.518
494,NickyLopez,29,2B,CWS,124,398,40,96,12,3,1,21,37,67,5,7,0.241,0.312,0.294,0.611
510,BradenShewmake,26,SS,CWS,29,64,4,8,2,0,1,4,1,10,5,1,0.125,0.134,0.203,0
529,JacobAmaya,25,SS,CWS,24,68,4,12,1,0,0,3,4,28,1,0,0.176,0.222,0.191,0
549,JohnBrebbia,34,P,CWS,54,0,0,0,0,0,0,0,0,0,0,0,0,0,0,0.786
561,OscarColás,25,RF,CWS,13,33,1,9,0,0,0,4,4,10,0,1,0.273,0.368,0.273,0
634,MichaelKopech,28,P,CWS,43,0,0,0,0,0,0,0,0,0,0,0,0,0,0,0
665,YoánMoncada,29,3B,CWS,12,40,4,11,3,1,0,0,5,11,1,0,0.275,0.356,0.4,0
671,RafaelOrtega,33,CF,CWS,14,14,4,1,0,0,0,1,2,4,2,0,0.071,0.176,0.071,0
681,ZachRemillard,30,2B,CWS,15,33,3,8,1,1,0,1,5,10,1,0,0.242,0.342,0.333,0
687,ChuckieRobinson,29,C,CWS,26,70,2,9,0,0,0,0,5,20,0,0,0.129,0.197,0.129,0
45,RileyGreene,23,LF,DET,137,512,82,134,27,6,24,74,64,156,4,2,0.262,0.348,0.479,0.827
103,KerryCarpenter,26,RF,DET,87,264,37,75,16,5,18,57,22,75,0,2,0.284,0.345,0.587,0.71
127,MattVierling,27,CF,DET,144,518,80,133,28,5,16,57,41,121,6,1,0.257,0.312,0.423,0.831
163,ColtKeith,22,2B,DET,148,516,54,134,15,4,13,61,36,110,7,1,0.26,0.309,0.38,0.712
216,JakeRogers,29,C,DET,102,310,43,61,16,1,10,36,22,99,1,0,0.197,0.255,0.352,0.625
219,SpencerTorkelson,24,1B,DET,92,342,45,75,21,1,10,37,33,105,0,0,0.219,0.295,0.374,0.704
232,ParkerMeadows,24,CF,DET,82,270,39,66,12,6,9,28,25,76,9,4,0.244,0.31,0.433,0.588
236,WenceelPérez,24,RF,DET,112,389,51,94,16,6,9,37,32,92,9,5,0.242,0.3,0.383,0.645
258,Justyn-HenryMalloy,24,DH,DET,71,202,18,41,7,1,8,21,23,85,1,1,0.203,0.291,0.366,0.76
294,JavierBáez,31,SS,DET,80,272,25,50,12,0,6,37,12,69,8,1,0.184,0.221,0.294,0.747
325,AndyIbáñez,31,X,DET,99,224,30,54,9,1,5,32,15,63,2,3,0.241,0.295,0.357,0.624
369,ZachMcKinstry,29,SS,DET,118,297,32,64,14,5,4,23,24,69,16,0,0.215,0.277,0.337,0.95
375,TreySweeney,24,SS,DET,36,110,11,24,5,0,4,17,7,32,2,0,0.218,0.269,0.373,0.609
419,AkilBaddoo,25,LF,DET,31,73,7,10,2,2,2,5,8,27,1,0,0.137,0.22,0.301,0.535
470,DillonDingler,25,C,DET,27,84,2,14,5,2,1,11,3,30,0,0,0.167,0.195,0.31,0.689
490,RyanKreidler,26,SS,DET,35,59,9,7,0,0,1,2,6,19,5,3,0.119,0.2,0.169,0.745
497,BlighMadris,28,1B,DET,21,67,8,18,3,0,1,5,6,20,0,0,0.269,0.324,0.358,0.578
514,RyanVilade,25,LF,DET,17,45,5,8,0,0,1,5,2,12,0,0,0.178,0.208,0.244,0.516
575,MasonEnglert,24,P,DET,12,0,0,0,0,0,0,0,0,0,0,0,0,0,0,0.574
583,JasonFoley,28,P,DET,69,0,0,0,0,0,0,0,0,0,0,0,0,0,0,0.8
623,JaceJung,23,3B,DET,34,79,14,19,5,0,0,3,15,29,0,1,0.241,0.362,0.304,0
11,YordanAlvarez,27,DH,HOU,147,552,88,170,34,2,35,86,69,95,6,0,0.308,0.392,0.567,0.959
33,AlexBregman,30,3B,HOU,145,581,79,151,30,2,26,75,44,86,3,1,0.26,0.315,0.453,0.768
57,KyleTucker,27,RF,HOU,78,277,56,80,13,0,23,49,56,54,11,0,0.289,0.408,0.585,0.807
79,JoseAltuve,34,2B,HOU,153,628,94,185,31,0,20,65,47,119,22,7,0.295,0.35,0.439,0.685
118,YainerDiaz,25,C,HOU,148,585,70,175,29,3,16,84,24,107,2,0,0.299,0.325,0.441,0.747
138,JeremyPeña,26,SS,HOU,157,602,78,160,28,2,15,70,25,111,20,6,0.266,0.308,0.394,0.708
164,JakeMeyers,28,CF,HOU,148,461,51,101,20,3,13,61,35,117,11,3,0.219,0.286,0.36,0.721
173,JonSingleton,32,1B,HOU,119,355,46,83,13,1,13,42,47,111,0,0,0.234,0.321,0.386,0.758
210,JasonHeyward,34,RF,HOU,87,228,33,48,12,2,10,37,22,53,5,0,0.211,0.288,0.412,0.531
250,VictorCaratini,30,C,HOU,87,245,30,66,8,1,8,30,23,53,0,1,0.269,0.336,0.408,0.667
334,ChasMcCormick,29,LF,HOU,94,242,32,51,6,1,5,27,17,72,8,2,0.211,0.271,0.306,0.697
356,MauricioDubón,29,LF,HOU,137,402,45,108,25,0,4,47,16,55,3,2,0.269,0.296,0.361,0.614
416,JoséAbreu,37,1B,HOU,35,113,10,14,2,0,2,7,4,28,0,0,0.124,0.167,0.195,0.528
425,ZachDezenzo,24,1B,HOU,19,62,5,15,2,0,2,8,3,22,0,0,0.242,0.277,0.371,0.604
460,TreyCabbage,27,RF,HOU,45,86,12,18,8,0,1,8,4,34,1,1,0.209,0.253,0.337,2.067
477,BenGamel,32,RF,HOU,38,81,22,20,4,0,1,4,18,24,1,0,0.247,0.384,0.333,0.818
571,AledmysDíaz,33,1B,HOU,14,33,2,3,0,0,0,1,1,9,0,0,0.091,0.118,0.091,0
599,JoshHader,30,P,HOU,71,0,0,0,0,0,0,0,0,0,0,0,0,0,0,0.291
616,CooperHummel,29,X,HOU,6,8,0,0,0,0,0,0,0,2,1,0,0,0,0,0
625,GraeKessinger,26,3B,HOU,23,21,4,0,0,0,0,0,3,7,0,0,0,0.16,0,0.666
627,BryanKing,27,P,HOU,28,0,0,0,0,0,0,0,0,0,0,0,0,0,0,0
641,PedroLeón,26,RF,HOU,7,20,2,2,0,0,0,0,1,10,2,0,0.1,0.143,0.1,0.564
678,RyanPressly,35,P,HOU,59,0,0,0,0,0,0,0,0,0,0,0,0,0,0,0.556
694,CésarSalazar,28,C,HOU,12,25,5,8,2,0,0,8,2,6,0,0,0.32,0.387,0.4,0.519
729,ShayWhitcomb,25,3B,HOU,20,41,1,9,3,0,0,5,5,8,0,0,0.22,0.304,0.293,
17,BobbyWitt,24,SS,KC,161,636,125,211,45,11,32,109,57,106,31,12,0.332,0.389,0.588,0.977
30,SalvadorPerez,34,C,KC,158,590,58,160,28,0,27,104,44,129,0,0,0.271,0.33,0.456,0.786
44,PaulDeJong,30,3B,KC,139,445,54,101,17,0,24,56,23,156,2,2,0.227,0.276,0.427,0.703
95,VinniePasquantino,26,1B,KC,131,496,64,130,30,2,19,97,40,71,1,0,0.262,0.315,0.446,0.709
116,MJMelendez,25,LF,KC,135,412,44,85,23,3,17,44,35,113,4,4,0.206,0.273,0.4,0.722
140,HunterRenfroe,32,RF,KC,120,385,44,88,18,0,15,52,36,84,1,1,0.229,0.297,0.392,0.738
152,MichaelMassey,26,2B,KC,100,332,45,86,17,2,14,45,15,56,1,0,0.259,0.294,0.449,0.799
235,TommyPham,36,LF,KC,116,440,49,109,20,3,9,39,35,106,7,3,0.248,0.305,0.368,0.781
254,KyleIsbel,27,CF,KC,136,384,62,88,13,8,8,42,27,88,11,2,0.229,0.287,0.367,0.668
270,NelsonVelázquez,25,DH,KC,64,205,31,41,8,1,8,27,19,61,2,0,0.2,0.274,0.366,0.708
277,MaikelGarcia,24,3B,KC,157,575,84,133,27,5,7,58,42,103,37,2,0.231,0.281,0.332,0.614
299,FreddyFermin,29,C,KC,111,339,40,92,14,0,6,36,23,66,2,0,0.271,0.319,0.366,0.764
350,DaironBlanco,31,X,KC,88,120,37,31,4,0,4,13,8,32,31,7,0.258,0.308,0.392,0.616
359,AdamFrazier,32,2B,KC,104,262,35,53,10,1,4,22,22,59,3,0,0.202,0.282,0.294,0.534
391,RobbieGrossman,34,DH,KC,86,208,21,44,8,0,3,16,34,58,3,0,0.212,0.322,0.293,0.601
493,NickLoftin,25,2B,KC,57,148,15,28,4,0,1,14,19,24,1,0,0.189,0.282,0.236,0.61
524,CJAlexander,27,X,KC,4,8,0,1,0,0,0,0,0,3,0,0,0.125,0.125,0.125,0.549
552,KrisBubic,26,P,KC,27,0,0,0,0,0,0,0,0,0,0,0,0,0,0,0
590,TylerGentry,25,RF,KC,3,5,0,0,0,0,0,0,0,2,0,0,0,0,0,0
598,YuliGurriel,40,1B,KC,18,54,7,13,3,0,0,6,9,15,1,0,0.241,0.338,0.296,0
602,GarrettHampson,29,CF,KC,113,213,16,49,13,1,0,16,14,59,7,2,0.23,0.275,0.3,0
603,HunterHarvey,29,P,KC,6,0,0,0,0,0,0,0,0,0,0,0,0,0,0,0
654,JamesMcArthur,27,P,KC,57,0,0,0,0,0,0,0,0,0,0,0,0,0,0,0
726,DrewWaters,25,RF,KC,7,16,2,3,1,0,0,1,2,6,0,0,0.188,0.316,0.25,
41,TaylorWard,30,LF,LAA,156,585,73,144,26,2,25,75,63,163,6,4,0.246,0.323,0.426,0.749
52,ZachNeto,23,SS,LAA,155,542,70,135,34,1,23,77,39,140,30,10,0.249,0.318,0.443,0.726
78,JoAdell,25,RF,LAA,130,405,54,84,15,2,20,62,35,126,15,10,0.207,0.28,0.402,0.72
87,LoganO'Hoppe,24,C,LAA,136,479,64,117,17,1,20,56,33,155,2,3,0.244,0.303,0.409,0.76
153,MickeyMoniak,26,CF,LAA,124,392,48,86,17,2,14,49,21,114,8,4,0.219,0.266,0.38,0.799
171,NolanSchanuel,22,1B,LAA,147,519,62,130,19,0,13,54,68,103,10,1,0.25,0.343,0.362,0.895
220,MikeTrout,32,CF,LAA,29,109,17,24,1,2,10,14,16,27,6,1,0.22,0.325,0.541,0.675
263,KevinPillar,35,CF,LAA,100,284,38,65,16,1,8,45,16,69,12,3,0.229,0.291,0.377,0.629
304,LuisRengifo,27,3B,LAA,78,283,41,85,13,1,6,30,16,44,24,7,0.3,0.347,0.417,0.633
313,WillieCalhoun,29,DH,LAA,68,229,26,56,16,0,5,20,23,31,0,1,0.245,0.315,0.38,0.566
355,BrandonDrury,31,2B,LAA,97,325,28,55,7,0,4,15,27,81,1,0,0.169,0.242,0.228,0.549
363,NikoKavadas,25,DH,LAA,30,93,11,17,2,0,4,8,11,41,1,0,0.183,0.283,0.333,0.697
433,CharlesLeblanc,28,3B,LAA,11,21,6,4,0,0,2,6,7,9,0,0,0.19,0.393,0.476,0.622
443,MiguelSanó,31,3B,LAA,28,83,9,17,3,0,2,6,9,36,0,0,0.205,0.295,0.313,0.59
449,MattThaiss,29,C,LAA,57,157,14,32,9,0,2,16,28,58,3,0,0.204,0.323,0.299,0.545
450,EricWagaman,26,3B,LAA,18,72,6,18,5,0,2,10,2,17,0,0,0.25,0.27,0.403,0.41
454,JordynAdams,24,RF,LAA,11,35,4,8,0,0,1,4,3,12,2,0,0.229,0.289,0.314,0.446
455,EhireAdrianza,34,3B,LAA,8,26,4,5,1,0,1,2,2,11,0,0,0.192,0.25,0.346,0.549
461,GustavoCampero,26,RF,LAA,13,46,6,11,0,1,1,6,0,8,3,0,0.239,0.271,0.348,1.429
483,AaronHicks,34,RF,LAA,18,57,6,8,0,0,1,5,6,23,0,0,0.14,0.222,0.193,0.446
496,JackLópez,31,2B,LAA,27,67,4,17,3,0,1,6,2,25,0,1,0.254,0.286,0.343,0.727
505,KyrenParis,22,2B,LAA,21,51,4,6,2,0,1,5,7,17,1,0,0.118,0.224,0.216,0.25
592,NikoGoodrum,32,3B,LAA,13,29,2,3,0,0,0,0,3,10,1,1,0.103,0.188,0.103,0.25
611,KestonHiura,27,2B,LAA,10,27,1,4,0,0,0,1,0,10,0,1,0.148,0.148,0.148,0
680,JoséQuijada,28,P,LAA,22,0,0,0,0,0,0,0,0,0,0,0,0,0,0,0.5
682,AnthonyRendon,34,3B,LAA,57,206,21,45,10,0,0,14,23,35,6,1,0.218,0.307,0.267,0.401
705,MichaelStefanic,28,2B,LAA,40,110,8,24,4,0,0,8,10,20,0,0,0.218,0.301,0.255,0.541
711,BryceTeodosio,25,CF,LAA,5,12,1,1,0,0,0,0,0,5,0,0,0.083,0.083,0.083,0
718,ColeTucker,27,DH,LAA,25,50,3,9,4,1,0,3,6,17,3,1,0.18,0.263,0.3,
742,GuilloZuñiga,25,P,LAA,15,0,0,0,0,0,0,0,0,0,0,0,0,0,0,
2,ShoheiOhtani,29,DH,LAD,159,636,134,197,38,7,54,130,81,162,59,4,0.31,0.39,0.646,1.036
14,TeoscarHernández,31,LF,LAD,154,589,84,160,32,2,33,99,53,188,12,3,0.272,0.339,0.501,0.84
60,FreddieFreeman,34,1B,LAD,147,542,81,153,35,2,22,89,78,100,9,2,0.282,0.378,0.476,0.716
89,WillSmith,29,C,LAD,128,476,77,118,24,2,20,75,51,105,1,1,0.248,0.327,0.433,0.724
92,MookieBetts,31,SS,LAD,116,450,75,130,24,5,19,75,61,57,16,2,0.289,0.372,0.491,0.739
136,MaxMuncy,33,3B,LAD,73,237,47,55,17,0,15,48,45,77,1,0,0.232,0.358,0.494,0.689
168,AndyPages,23,CF,LAD,116,403,65,100,23,1,13,46,29,108,1,2,0.248,0.305,0.407,0.707
187,EnriqueHernández,#N/A,3B,LAD,126,362,44,83,16,0,12,42,27,77,0,0,0.229,0.281,0.373,0.657
213,GavinLux,26,2B,LAD,139,439,59,110,24,2,10,50,44,110,5,2,0.251,0.32,0.383,0.866
298,TommyEdman,29,CF,LAD,37,139,20,33,5,1,6,20,11,30,6,0,0.237,0.294,0.417,0.633
305,MiguelRojas,35,SS,LAD,103,307,41,87,21,0,6,36,23,34,8,2,0.283,0.337,0.41,0.705
326,KevinKiermaier,34,CF,LAD,116,259,31,51,9,3,5,26,12,86,6,2,0.197,0.237,0.313,0.664
373,JamesOutman,27,CF,LAD,53,136,12,20,4,0,4,11,16,55,2,1,0.147,0.256,0.265,0.641
376,ChrisTaylor,33,LF,LAD,87,213,28,43,7,1,4,23,28,76,5,1,0.202,0.298,0.3,0.631
457,AustinBarnes,34,C,LAD,54,140,12,37,3,0,1,11,14,36,3,0,0.264,0.331,0.307,0.82
578,HunterFeduccia,27,C,LAD,5,12,2,4,0,0,0,1,2,2,0,0,0.333,0.429,0.333,0
24,JakeBurger,28,1B,MIA,137,535,68,134,23,1,29,76,31,150,1,1,0.25,0.301,0.46,0.761
108,JesúsSánchez,26,RF,MIA,149,489,60,123,25,1,18,64,41,140,16,2,0.252,0.313,0.417,0.739
196,JonahBride,28,1B,MIA,71,232,30,64,10,0,11,39,30,55,0,1,0.276,0.357,0.461,0.699
234,ConnorNorby,24,3B,MIA,45,178,32,42,9,0,9,20,15,64,3,3,0.236,0.294,0.438,0.647
252,NickGordon,28,LF,MIA,95,260,29,59,11,1,8,32,11,67,5,5,0.227,0.258,0.369,0.811
279,DerekHill,28,CF,MIA,53,162,19,39,4,2,7,25,5,56,6,2,0.241,0.271,0.42,0.723
302,OttoLopez,#N/A,2B,MIA,117,403,49,109,23,1,6,39,25,75,20,4,0.27,0.313,0.377,0.695
358,NickFortes,27,C,MIA,110,308,28,70,16,0,4,29,11,41,0,1,0.227,0.259,0.318,0.571
385,GriffinConine,26,RF,MIA,30,82,14,22,4,1,3,12,6,28,0,0,0.268,0.326,0.451,0.575
402,DaneMyers,28,RF,MIA,44,95,17,25,6,1,3,19,8,36,4,1,0.263,0.333,0.442,0.628
410,KyleStowers,26,LF,MIA,69,192,15,40,11,2,3,24,13,74,0,1,0.208,0.268,0.333,0.617
423,VidalBruján,26,2B,MIA,102,248,32,55,14,2,2,16,25,54,5,6,0.222,0.303,0.319,0.438
429,AvisaílGarcía,33,RF,MIA,18,50,4,12,1,0,2,2,1,13,0,0,0.24,0.255,0.38,0.502
474,XavierEdwards,24,SS,MIA,70,265,39,87,12,5,1,26,33,52,31,4,0.328,0.397,0.423,0.584
480,DavidHensley,28,RF,MIA,23,52,9,11,1,0,1,4,6,17,1,0,0.212,0.293,0.288,0.67
504,CristianPache,25,CF,MIA,88,165,13,33,8,1,1,16,17,64,1,0,0.2,0.273,0.279,0.2
532,TimAnderson,31,SS,MIA,65,234,16,50,3,0,0,9,7,68,4,4,0.214,0.237,0.226,0
567,JoséDevers,24,1B,MIA,3,4,1,1,0,0,0,0,0,1,0,0,0.25,0.25,0.25,0.217
676,JhonnyPereda,28,C,MIA,20,39,2,9,0,0,0,4,0,10,0,0,0.231,0.25,0.231,0.683
695,JavierSanoja,21,X,MIA,15,35,3,8,2,0,0,2,1,4,0,0,0.229,0.25,0.286,0
709,AliSánchez,27,C,MIA,31,84,5,14,2,0,0,4,4,24,2,1,0.167,0.211,0.19,0
725,ForrestWall,28,RF,MIA,16,32,4,8,0,0,0,1,3,8,4,3,0.25,0.314,0.25,
16,WillyAdames,28,SS,MIL,161,610,93,153,33,0,32,112,74,173,21,4,0.251,0.331,0.462,0.793
34,RhysHoskins,31,1B,MIL,131,449,59,96,14,0,26,82,53,149,3,0,0.214,0.303,0.419,0.722
50,WilliamContreras,26,C,MIL,155,595,99,167,37,2,23,92,78,139,9,2,0.281,0.365,0.466,0.763
66,JacksonChourio,20,LF,MIL,148,528,80,145,29,4,21,79,39,121,22,7,0.275,0.327,0.464,0.773
181,JakeBauers,28,1B,MIL,117,302,45,60,9,2,12,43,39,118,13,1,0.199,0.301,0.361,0.654
200,JoeyOrtiz,25,3B,MIL,142,440,58,105,25,6,11,60,56,103,11,6,0.239,0.329,0.398,0.707
203,GarySánchez,31,DH,MIL,89,245,30,54,7,1,11,37,27,76,0,0,0.22,0.307,0.392,0.7
206,ChristianYelich,32,LF,MIL,73,270,44,85,12,3,11,42,40,58,21,1,0.315,0.406,0.504,0.703
261,GarrettMitchell,25,CF,MIL,69,196,33,50,12,3,8,21,25,71,11,4,0.255,0.342,0.469,0.64
291,BriceTurang,24,2B,MIL,155,559,72,142,24,4,7,57,50,105,50,6,0.254,0.316,0.349,0.69
303,BlakePerkins,27,CF,MIL,121,383,54,92,13,2,6,43,42,108,23,5,0.24,0.316,0.332,0.587
320,EricHaase,31,C,MIL,30,66,10,18,1,0,5,14,3,28,0,0,0.273,0.304,0.515,0.584
428,SalFrelick,24,RF,MIL,145,475,66,123,22,4,2,32,39,78,18,3,0.259,0.32,0.335,0.595
473,OliverDunn,26,3B,MIL,41,95,11,21,2,2,1,7,6,40,3,0,0.221,0.282,0.316,0.5
501,AndruwMonasterio,27,3B,MIL,59,125,14,26,5,0,1,16,16,40,6,2,0.208,0.303,0.272,0.397
545,TylerBlack,23,DH,MIL,18,49,4,10,2,0,0,2,7,17,3,0,0.204,0.316,0.245,0.733
557,VinnyCapra,27,3B,MIL,3,9,1,1,1,0,0,0,0,3,0,0,0.111,0.111,0.222,0.438
560,IsaacCollins,26,X,MIL,11,17,0,2,0,0,0,0,2,10,1,0,0.118,0.211,0.118,0.472
608,KevinHerget,33,P,MIL,7,0,0,0,0,0,0,0,0,0,0,0,0,0,0,0.125
610,BrewerHicklen,28,RF,MIL,3,5,0,0,0,0,0,0,0,4,1,0,0,0,0,0
659,TrevorMegill,30,P,MIL,48,0,0,0,0,0,0,0,0,0,0,0,0,0,0,0.607
662,OwenMiller,27,1B,MIL,14,27,2,5,1,0,0,3,0,8,0,0,0.185,0.185,0.222,0.486
663,HobyMilner,33,P,MIL,61,0,0,0,0,0,0,0,0,0,0,0,0,0,0,0
672,JoelPayamps,30,P,MIL,68,0,0,0,0,0,0,0,0,0,0,0,0,0,0,0.453
673,ElvisPeguero,27,P,MIL,52,0,0,0,0,0,0,0,0,0,0,0,0,0,0,0
690,ChrisRoller,27,CF,MIL,1,1,0,0,0,0,0,0,0,1,0,0,0,0,0,0.624
730,MitchWhite,29,P,MIL,6,0,0,0,0,0,0,0,0,0,0,0,0,0,0,
55,CarlosSantana,38,1B,MIN,150,521,63,124,26,0,23,71,65,99,4,0,0.238,0.328,0.42,0.699
70,RyanJeffers,27,C,MIN,122,412,56,93,22,0,21,64,32,94,3,0,0.226,0.3,0.432,0.784
102,ByronBuxton,30,CF,MIN,102,355,62,99,27,3,18,56,20,99,7,2,0.279,0.335,0.524,0.757
121,RoyceLewis,25,3B,MIN,82,292,40,68,16,0,16,47,28,74,0,0,0.233,0.295,0.452,0.726
135,TrevorLarnach,27,DH,MIN,112,355,59,92,17,0,15,52,40,89,4,1,0.259,0.338,0.434,0.664
147,CarlosCorrea,29,SS,MIN,86,319,55,99,20,2,14,54,40,61,0,0,0.31,0.388,0.517,0.743
177,MattWallner,26,RF,MIN,75,220,26,57,17,1,13,37,24,95,3,0,0.259,0.372,0.523,0.716
183,WilliCastro,27,SS,MIN,158,558,89,138,31,5,12,60,51,150,14,9,0.247,0.331,0.385,0.591
233,JoseMiranda,#N/A,3B,MIN,121,401,44,114,28,4,9,49,18,66,2,2,0.284,0.322,0.441,0.611
255,EdouardJulien,25,2B,MIN,94,266,36,53,9,0,8,21,33,102,6,0,0.199,0.292,0.323,0.636
256,MaxKepler,31,RF,MIN,105,368,43,93,21,1,8,42,22,80,1,0,0.253,0.302,0.38,0.614
292,ChristianVázquez,33,C,MIN,93,294,29,65,10,0,7,27,11,65,3,1,0.221,0.248,0.327,0.648
318,KyleFarmer,33,2B,MIN,107,215,26,46,13,1,5,25,19,49,3,5,0.214,0.293,0.353,0.642
327,AlexKirilloff,26,LF,MIN,57,159,20,32,8,3,5,20,15,47,0,0,0.201,0.27,0.384,0.655
367,ManuelMargot,29,LF,MIN,129,315,37,75,17,1,4,31,21,54,5,0,0.238,0.289,0.337,0.608
396,BrooksLee,23,SS,MIN,50,172,9,38,6,1,3,27,11,27,3,0,0.221,0.265,0.32,0.652
487,DaShawnKeirsey,27,CF,MIN,6,13,1,2,0,0,1,1,0,1,0,0,0.154,0.214,0.385,0.773
498,AustinMartin,25,CF,MIN,93,233,41,59,18,1,1,16,20,47,7,3,0.253,0.318,0.352,0.53
554,JairCamargo,24,C,MIN,5,6,1,0,0,0,0,0,1,3,0,0,0,0.143,0,0
558,Diego A.Castillo,#N/A,3B,MIN,4,6,3,2,1,0,0,2,2,1,0,0,0.333,0.5,0.5,0
606,MichaelHelman,28,CF,MIN,9,10,2,3,2,0,0,0,0,3,0,0,0.3,0.3,0.5,0
12,PeteAlonso,29,1B,NYM,162,608,91,146,31,0,34,88,70,172,3,0,0.24,0.329,0.459,0.788
15,FranciscoLindor,30,SS,NYM,152,618,107,169,39,1,33,91,56,127,29,4,0.273,0.344,0.5,0.844
32,MarkVientos,24,3B,NYM,111,413,58,110,22,0,27,71,33,135,0,0,0.266,0.322,0.516,0.838
53,BrandonNimmo,31,LF,NYM,151,571,88,128,25,3,23,90,77,158,15,0,0.224,0.327,0.399,0.908
124,J.D.Martinez,36,DH,NYM,120,434,46,102,24,1,16,69,49,141,0,0,0.235,0.32,0.406,0.781
156,JesseWinker,30,RF,NYM,145,430,63,109,23,0,14,58,63,106,14,4,0.253,0.36,0.405,0.645
180,HarrisonBader,30,CF,NYM,143,402,57,95,19,0,12,51,21,95,17,8,0.236,0.284,0.373,0.62
190,JeffMcNeil,32,2B,NYM,129,424,57,101,26,0,12,44,35,68,5,1,0.238,0.308,0.384,0.818
194,FranciscoAlvarez,22,C,NYM,100,308,39,73,14,2,11,47,30,86,1,1,0.237,0.307,0.403,0.83
282,StarlingMarte,35,RF,NYM,94,335,46,90,13,3,7,40,27,81,16,1,0.269,0.327,0.388,0.575
290,TyroneTaylor,30,RF,NYM,130,319,47,79,22,3,7,35,19,80,11,2,0.248,0.299,0.401,0.625
341,DJStewart,30,X,NYM,74,158,16,28,4,0,5,19,31,48,1,0,0.177,0.325,0.297,0.893
348,BrettBaty,24,3B,NYM,50,153,15,35,3,0,4,16,16,42,0,0,0.229,0.306,0.327,0.829
361,JoseIglesias,34,2B,NYM,85,270,39,91,16,1,4,26,12,39,6,2,0.337,0.381,0.448,0.814
379,LuisangelAcuña,22,SS,NYM,14,39,6,12,2,1,3,6,1,6,0,1,0.308,0.325,0.641,0.438
413,LuisTorrens,28,C,NYM,48,118,14,27,8,0,3,15,9,28,0,1,0.229,0.292,0.373,0.635
526,EddyAlvarez,34,2B,NYM,13,9,2,0,0,0,0,0,1,2,0,0,0,0.182,0,0.317
568,JakeDiekman,37,P,NYM,43,0,0,0,0,0,0,0,0,0,0,0,0,0,0,0
573,EdwinDíaz,30,P,NYM,55,0,0,0,0,0,0,0,0,0,0,0,0,0,0,0
614,JoeHudson,33,C,NYM,1,0,0,0,0,0,0,0,0,0,0,0,0,0,0,0
643,JorgeLópez,31,P,NYM,28,0,0,0,0,0,0,0,0,0,0,0,0,0,0,0
667,OmarNarváez,32,C,NYM,28,65,4,10,2,0,0,5,3,12,0,0,0.154,0.191,0.185,0.796
683,PabloReyes,30,X,NYM,22,60,5,11,2,0,0,5,3,19,1,2,0.183,0.234,0.217,0.8
728,JoeyWendle,34,2B,NYM,18,36,3,8,1,0,0,1,1,9,1,0,0.222,0.243,0.25,
1,AaronJudge,32,CF,NYY,158,559,122,180,36,1,58,144,133,171,10,0,0.322,0.458,0.701,1.159
4,JuanSoto,25,RF,NYY,157,576,128,166,31,4,41,109,129,119,7,4,0.288,0.419,0.569,0.988
31,GiancarloStanton,34,DH,NYY,114,417,49,97,20,0,27,72,38,143,0,0,0.233,0.298,0.475,0.773
42,JazzChisholm,26,3B,NYY,147,562,74,144,21,4,24,73,53,152,40,10,0.256,0.324,0.436,0.76
142,GleyberTorres,27,2B,NYY,154,587,80,151,26,0,15,63,65,136,4,3,0.257,0.33,0.378,0.662
176,AlexVerdugo,28,LF,NYY,149,559,74,130,28,1,13,61,49,93,2,1,0.233,0.291,0.356,0.741
178,AustinWells,24,C,NYY,115,354,42,81,18,1,13,55,47,87,1,2,0.229,0.322,0.395,0.692
193,AnthonyVolpe,23,SS,NYY,160,637,90,155,27,7,12,60,42,156,28,7,0.243,0.293,0.364,0.748
228,TrentGrisham,27,CF,NYY,76,179,21,34,8,0,9,31,22,57,1,1,0.19,0.29,0.385,0.683
247,OswaldoCabrera,25,3B,NYY,109,299,47,74,11,0,8,36,21,63,4,2,0.247,0.296,0.365,0.682
264,AnthonyRizzo,34,1B,NYY,92,337,38,77,12,0,8,35,27,65,0,0,0.228,0.301,0.335,0.601
269,JoseTrevino,31,C,NYY,74,209,26,45,5,0,8,28,20,41,1,0,0.215,0.288,0.354,0.691
285,BenRice,25,1B,NYY,50,152,20,26,6,0,7,23,20,48,0,1,0.171,0.264,0.349,0.723
353,J.D.Davis,31,1B,NYY,46,142,13,31,5,0,4,6,12,39,0,0,0.218,0.293,0.338,0.404
426,JassonDomínguez,21,LF,NYY,18,56,8,10,1,0,2,4,11,19,5,0,0.179,0.313,0.304,0.652
432,DJLeMahieu,35,1B,NYY,67,201,19,41,5,0,2,26,19,35,0,1,0.204,0.269,0.259,0.734
458,JonBerti,34,3B,NYY,25,66,10,18,0,0,1,6,6,14,5,1,0.273,0.342,0.318,0.41
486,JahmaiJones,26,X,NYY,33,42,8,10,1,1,1,4,2,16,1,1,0.238,0.304,0.381,0.44
506,OswaldPeraza,24,3B,NYY,4,10,2,2,0,0,1,1,1,3,0,0,0.2,0.273,0.5,0.182
574,DukeEllis,26,X,NYY,11,5,1,1,0,0,0,0,0,2,5,0,0.2,0.2,0.2,0.465
666,CarlosNarváez,25,C,NYY,6,13,0,3,0,0,0,0,2,6,0,0,0.231,0.333,0.231,0.443
701,KevinSmith,27,X,NYY,2,0,0,0,0,0,0,0,0,0,0,0,0,0,0,0.597
715,TaylorTrammell,26,X,NYY,10,7,2,1,0,0,0,0,1,3,0,0,0.143,0.25,0.143,
7,BrentRooker,29,DH,OAK,145,546,82,160,26,2,39,112,59,177,11,3,0.293,0.365,0.562,0.927
25,SheaLangeliers,26,C,OAK,137,482,58,108,18,2,29,80,41,145,4,2,0.224,0.288,0.45,0.738
58,LawrenceButler,23,RF,OAK,125,412,63,108,24,2,22,57,35,108,18,0,0.262,0.317,0.49,0.75
82,JJBleday,26,CF,OAK,159,572,74,139,43,4,20,60,67,125,2,3,0.243,0.324,0.437,0.759
114,ZackGelof,24,2B,OAK,138,497,60,105,20,2,17,49,38,188,25,3,0.211,0.27,0.362,0.719
146,SethBrown,31,LF,OAK,124,372,32,86,11,1,14,44,25,112,4,2,0.231,0.283,0.379,0.793
238,TylerSoderstrom,22,1B,OAK,61,189,18,44,10,0,9,26,20,53,0,0,0.233,0.315,0.429,0.697
283,TylerNevin,27,1B,OAK,87,245,22,50,10,0,7,20,25,64,1,0,0.204,0.288,0.331,0.738
286,MaxSchuemann,27,SS,OAK,133,396,55,87,14,0,7,34,47,119,14,1,0.22,0.311,0.308,0.609
308,AbrahamToro,27,3B,OAK,94,337,34,81,17,1,6,26,20,62,4,2,0.24,0.293,0.35,0.716
314,DazCameron,27,LF,OAK,66,170,22,34,5,1,5,15,13,51,5,0,0.2,0.258,0.329,0.55
333,KyleMcCann,26,C,OAK,54,140,13,33,4,0,5,15,16,59,0,0,0.236,0.318,0.371,0.716
346,MiguelAndujar,29,LF,OAK,75,302,31,86,14,1,4,30,13,42,3,2,0.285,0.32,0.377,0.576
392,BrettHarris,26,3B,OAK,36,103,15,15,3,0,3,12,17,25,0,3,0.146,0.276,0.262,0.62
442,EsteuryRuiz,25,LF,OAK,29,55,10,11,2,1,2,8,4,20,5,4,0.2,0.27,0.382,0.587
456,NickAllen,25,SS,OAK,41,97,6,17,4,0,1,4,5,20,0,0,0.175,0.216,0.247,0.598
481,DarellHernaiz,22,3B,OAK,48,120,8,23,3,0,1,12,11,27,1,1,0.192,0.261,0.242,0.569
503,RyanNoda,28,1B,OAK,36,95,8,13,4,0,1,4,14,37,0,0,0.137,0.255,0.211,0.496
525,ArmandoAlvarez,29,3B,OAK,16,37,7,9,1,0,0,2,2,8,1,0,0.243,0.282,0.27,0.561
594,TristanGray,28,1B,OAK,15,28,0,3,1,0,0,0,3,16,0,0,0.107,0.194,0.143,0.538
735,JacobWilson,22,SS,OAK,28,92,11,23,2,2,0,3,8,10,0,0,0.25,0.314,0.315,
8,KyleSchwarber,31,DH,PHI,150,573,110,142,22,0,38,104,106,197,5,3,0.248,0.366,0.485,0.851
21,BryceHarper,31,1B,PHI,145,550,85,157,42,0,30,87,76,138,7,4,0.285,0.373,0.525,0.898
49,NickCastellanos,32,RF,PHI,162,606,80,154,30,4,23,86,41,139,6,2,0.254,0.311,0.431,0.742
76,TreaTurner,31,SS,PHI,121,505,88,149,25,0,21,62,27,98,19,4,0.295,0.338,0.469,0.682
123,BrandonMarsh,26,LF,PHI,135,418,55,104,17,3,16,60,50,154,19,3,0.249,0.328,0.419,0.735
129,AlecBohm,27,3B,PHI,143,554,62,155,44,2,15,97,40,86,5,2,0.28,0.332,0.448,0.749
154,J.T.Realmuto,33,C,PHI,99,380,50,101,18,1,14,47,27,102,2,2,0.266,0.322,0.429,0.67
202,BrysonStott,26,2B,PHI,148,506,65,124,19,2,11,57,53,93,32,3,0.245,0.315,0.356,0.613
288,EdmundoSosa,28,SS,PHI,90,249,39,64,12,4,7,31,13,66,7,1,0.257,0.313,0.422,0.711
316,KodyClemens,28,X,PHI,44,114,17,25,9,1,5,18,5,29,0,0,0.219,0.258,0.447,0.678
321,AustinHays,28,LF,PHI,85,235,26,60,18,0,5,20,9,59,2,2,0.255,0.303,0.396,0.689
388,DavidDahl,30,LF,PHI,19,58,6,12,2,0,3,8,3,21,0,0,0.207,0.242,0.397,0.686
397,RafaelMarchán,25,C,PHI,17,51,8,15,4,0,3,6,3,8,0,0,0.294,0.345,0.549,0.603
406,JohanRojas,23,CF,PHI,120,338,47,82,12,3,3,32,13,69,25,4,0.243,0.279,0.322,0.566
414,WestonWilson,29,LF,PHI,41,88,13,25,7,1,3,10,8,29,3,0,0.284,0.347,0.489,0.421
488,BuddyKennedy,25,X,PHI,14,21,3,4,1,0,1,6,4,7,1,0,0.19,0.308,0.381,0.629
511,GarrettStubbs,31,C,PHI,56,164,18,34,4,1,1,11,17,50,5,0,0.207,0.296,0.262,0
588,AramisGarcia,31,C,PHI,3,7,0,0,0,0,0,0,0,3,0,0,0,0,0,0.296
706,CalStevenson,27,CF,PHI,18,24,2,6,3,0,0,6,3,4,0,0,0.25,0.333,0.375,0.536
48,BryanReynolds,29,LF,PIT,156,622,73,171,29,3,24,88,57,156,10,2,0.275,0.344,0.447,0.791
67,OneilCruz,25,SS,PIT,146,541,72,140,34,3,21,76,51,181,22,1,0.259,0.324,0.449,0.655
68,BryanDe La Cruz,27,RF,PIT,149,584,61,136,25,0,21,68,29,170,5,2,0.233,0.271,0.384,0.834
85,AndrewMcCutchen,37,DH,PIT,120,448,66,104,18,1,20,50,58,133,3,2,0.232,0.328,0.411,0.712
157,JoeyBart,27,C,PIT,80,253,38,67,11,0,13,45,22,73,0,0,0.265,0.337,0.462,0.603
175,RowdyTellez,29,1B,PIT,132,383,38,93,18,0,13,56,31,89,1,0,0.243,0.299,0.392,0.662
227,YasmaniGrandal,35,C,PIT,72,215,26,49,10,0,9,27,24,46,1,0,0.228,0.304,0.4,0.673
230,ConnorJoe,31,1B,PIT,123,364,49,83,22,1,9,36,44,91,2,2,0.228,0.32,0.368,0.744
240,JackSuwinski,25,CF,PIT,88,247,29,45,8,0,9,26,27,79,9,1,0.182,0.264,0.324,0.642
241,JaredTriolo,26,3B,PIT,125,394,41,85,10,1,9,46,42,118,8,1,0.216,0.296,0.315,0.652
257,IsiahKiner-Falefa,29,SS,PIT,133,465,53,125,18,4,8,43,16,78,11,2,0.269,0.306,0.376,0.64
278,NickGonzales,25,2B,PIT,94,359,42,97,19,3,7,49,18,74,5,3,0.27,0.311,0.398,0.735
337,EdwardOlivares,28,RF,PIT,55,174,22,39,4,0,5,23,16,37,1,0,0.224,0.291,0.333,0.599
342,Michael A.Taylor,#N/A,CF,PIT,113,269,35,52,9,1,5,21,23,105,12,1,0.193,0.253,0.29,0.47
360,Ke'BryanHayes,27,3B,PIT,96,365,38,85,9,0,4,25,23,75,11,2,0.233,0.283,0.29,0.521
386,BillyCook,25,1B,PIT,16,49,5,11,2,0,3,8,0,19,1,0,0.224,0.224,0.449,0.593
438,JoshuaPalacios,28,RF,PIT,23,67,10,15,2,0,2,9,10,12,1,0,0.224,0.333,0.343,0.596
453,NickYorke,22,2B,PIT,11,37,4,8,0,0,2,5,4,12,2,0,0.216,0.286,0.378,0.505
468,HenryDavis,24,C,PIT,37,104,9,15,4,0,1,5,13,45,0,0,0.144,0.242,0.212,0.685
535,Ji HwanBae,#N/A,CF,PIT,29,74,11,14,2,0,0,6,6,24,6,2,0.189,0.247,0.216,0.5
566,JasonDelay,29,C,PIT,7,15,1,3,3,0,0,6,3,0,0,0,0.2,0.333,0.4,0
632,GrantKoch,27,C,PIT,3,7,1,0,0,0,0,0,1,6,0,0,0,0.125,0,0.526
657,BillyMcKinney,29,LF,PIT,10,25,4,5,1,0,0,2,2,13,0,0,0.2,0.286,0.24,0.451
674,LioverPeguero,23,SS,PIT,3,10,0,2,1,0,0,2,0,3,0,0,0.2,0.2,0.3,0
733,AlikaWilliams,25,2B,PIT,37,87,13,18,4,2,0,5,3,22,1,0,0.207,0.242,0.299,
26,MannyMachado,31,3B,SD,152,593,77,163,30,0,29,105,45,124,11,2,0.275,0.325,0.472,0.797
46,JacksonMerrill,21,CF,SD,156,554,77,162,31,6,24,90,29,101,16,3,0.292,0.326,0.5,0.826
47,JuricksonProfar,31,LF,SD,158,564,94,158,29,0,24,85,76,101,10,3,0.28,0.38,0.459,0.839
75,FernandoTatis,25,RF,SD,102,398,64,110,21,1,21,49,32,96,11,3,0.276,0.34,0.492,0.747
113,JakeCronenworth,30,1B,SD,155,577,72,139,29,3,17,83,61,118,5,2,0.241,0.324,0.39,0.673
115,KyleHigashioka,34,C,SD,84,246,29,54,10,1,17,45,15,74,2,0,0.22,0.263,0.476,0.766
195,XanderBogaerts,31,2B,SD,111,428,50,113,15,1,11,44,28,79,13,3,0.264,0.307,0.381,0.671
198,Ha-SeongKim,28,SS,SD,121,403,60,94,16,3,11,47,58,77,22,5,0.233,0.33,0.37,0.745
248,LuisCampusano,25,C,SD,91,277,37,63,13,0,8,40,20,41,0,0,0.227,0.281,0.361,0.682
262,DavidPeralta,36,RF,SD,91,236,35,63,11,0,8,28,22,54,2,0,0.267,0.335,0.415,0.761
267,DonovanSolano,36,X,SD,96,283,31,81,13,0,8,35,22,65,2,1,0.286,0.343,0.417,0.613
297,EliasDíaz,33,C,SD,96,325,27,86,20,0,6,39,20,69,0,0,0.265,0.313,0.382,0.643
347,LuisArraez,#N/A,1B,SD,150,637,83,200,32,3,4,46,24,29,9,3,0.314,0.346,0.392,0.573
408,EguyRosario,24,3B,SD,30,53,5,13,6,0,3,6,2,20,0,0,0.245,0.286,0.528,0.622
418,NickAhmed,34,2B,SD,71,210,20,48,6,1,2,17,11,51,2,1,0.229,0.267,0.295,0.641
439,GrahamPauley,23,3B,SD,13,32,4,4,0,0,2,5,0,15,0,0,0.125,0.125,0.313,0.463
492,BrandonLockridge,27,LF,SD,12,12,4,2,0,0,1,1,0,4,2,0,0.167,0.167,0.417,0.558
512,BrettSullivan,30,C,SD,7,16,1,3,0,0,1,2,1,4,0,0,0.188,0.235,0.375,0.463
534,JoséAzocar,#N/A,LF,SD,61,73,13,16,2,0,0,2,5,19,5,1,0.219,0.269,0.247,0
539,MatthewBatten,29,1B,SD,1,3,0,1,0,1,0,0,0,0,0,0,0.333,0.333,1,0.329
550,JhonyBrito,26,P,SD,26,0,0,0,0,0,0,0,0,0,0,0,0,0,0,0.209
620,BryceJohnson,28,RF,SD,47,63,9,13,2,0,0,4,7,12,1,1,0.206,0.286,0.238,0.536
655,MasonMcCoy,29,SS,SD,19,49,7,10,2,0,0,3,5,19,1,0,0.204,0.278,0.245,0.675
724,TylerWade,29,3B,SD,90,138,28,30,3,0,0,8,11,29,8,1,0.217,0.285,0.239,
13,CalRaleigh,27,C,SEA,153,546,73,120,16,0,34,100,70,176,6,1,0.22,0.312,0.436,0.748
62,LukeRaley,29,LF,SEA,137,404,58,98,19,2,22,58,27,135,11,2,0.243,0.32,0.463,0.791
80,RandyArozarena,29,LF,SEA,154,549,77,120,33,0,20,60,73,169,20,10,0.219,0.332,0.388,0.761
88,JulioRodríguez,23,CF,SEA,143,567,76,155,17,0,20,68,38,156,24,5,0.273,0.325,0.409,0.721
125,JorgePolanco,30,2B,SEA,118,417,43,89,11,0,16,45,46,137,4,2,0.213,0.296,0.355,0.78
132,MitchGarver,33,DH,SEA,114,367,37,63,17,0,15,51,53,133,0,0,0.172,0.286,0.341,0.852
186,MitchHaniger,33,RF,SEA,121,380,42,79,12,0,12,44,40,126,0,0,0.208,0.286,0.334,0.641
204,JustinTurner,39,1B,SEA,139,460,59,119,24,0,11,55,59,95,0,2,0.259,0.354,0.383,0.812
214,DylanMoore,31,3B,SEA,135,368,53,74,23,4,10,42,53,123,32,6,0.201,0.32,0.367,0.764
223,J.P.Crawford,29,SS,SEA,105,392,55,79,16,2,9,37,52,102,5,0,0.202,0.304,0.321,0.687
249,DominicCanzone,26,RF,SEA,67,168,20,33,7,0,8,17,18,53,1,0,0.196,0.271,0.381,0.657
266,JoshRojas,30,3B,SEA,143,422,48,95,19,2,8,31,46,108,10,4,0.225,0.304,0.336,0.626
374,VictorRobles,#N/A,CF,SEA,91,254,44,78,20,0,4,28,21,53,34,2,0.307,0.381,0.433,0.639
377,LuisUrías,27,3B,SEA,41,94,11,18,7,0,4,16,9,34,0,0,0.191,0.303,0.394,0.615
422,RyanBliss,24,2B,SEA,33,63,10,14,3,1,2,9,5,22,5,3,0.222,0.29,0.397,0.676
435,TylerLocklear,23,1B,SEA,16,45,3,7,1,0,2,3,3,20,1,0,0.156,0.224,0.311,0.584
522,SebyZavala,30,C,SEA,18,39,4,6,2,0,1,2,3,16,0,0,0.154,0.214,0.282,0
540,MikeBaumann,28,P,SEA,35,0,0,0,0,0,0,0,0,0,0,0,0,0,0,0.641
559,LuisCastillo,31,P,SEA,30,1,0,0,0,0,0,0,0,1,0,0,0,0,0,0
600,SamHaggerty,30,LF,SEA,8,15,1,1,0,0,0,1,1,4,1,0,0.067,0.125,0.067,0.666
646,CadeMarlowe,27,RF,SEA,8,8,1,2,0,0,0,0,1,1,0,0,0.25,0.333,0.25,0.247
685,LeoRivas,26,SS,SEA,43,73,10,17,1,1,0,8,10,24,3,0,0.233,0.333,0.274,0.278
704,RyneStanek,32,P,SEA,46,0,0,0,0,0,0,0,0,0,0,0,0,0,0,0.368
710,SamadTaylor,25,LF,SEA,3,5,2,2,0,0,0,0,0,1,0,0,0.4,0.4,0.4,0.979
714,TrentThornton,30,P,SEA,71,0,0,0,0,0,0,0,0,0,0,0,0,0,0,0
721,JasonVosler,30,1B,SEA,10,28,2,5,1,1,0,3,2,9,0,0,0.179,0.233,0.286,
722,AustinVoth,32,P,SEA,68,0,0,0,0,0,0,0,0,0,0,0,0,0,0,
29,MattChapman,31,3B,SF,154,575,98,142,39,2,27,78,64,158,15,2,0.247,0.328,0.463,0.791
63,HeliotRamos,24,CF,SF,121,475,54,128,23,3,22,72,37,135,6,1,0.269,0.322,0.469,0.734
84,MichaelConforto,31,LF,SF,130,438,56,104,27,3,20,66,42,118,0,1,0.237,0.309,0.45,0.722
111,MikeYastrzemski,33,RF,SF,140,428,60,99,16,9,18,57,38,124,3,2,0.231,0.302,0.437,0.632
131,TylerFitzgerald,26,SS,SF,96,314,53,88,19,2,15,34,22,108,17,4,0.28,0.334,0.497,0.772
225,ThairoEstrada,28,2B,SF,96,364,43,79,15,2,9,47,10,76,2,2,0.217,0.247,0.343,0.763
245,PatrickBailey,25,C,SF,121,401,46,94,16,1,8,46,39,100,4,0,0.234,0.298,0.339,0.654
271,LaMonteWade,30,1B,SF,117,331,45,86,16,0,8,34,62,90,2,1,0.26,0.38,0.381,0.719
274,MarkCanha,35,1B,SF,125,393,46,95,20,0,7,42,51,96,7,0,0.242,0.344,0.346,0.657
306,CaseySchmitt,25,2B,SF,40,107,11,27,4,1,6,16,4,25,0,0,0.252,0.283,0.477,0.702
317,JerarEncarnacion,#N/A,DH,SF,35,113,13,28,5,0,5,19,5,34,1,0,0.248,0.277,0.425,0.703
332,LuisMatos,22,RF,SF,45,150,14,32,5,0,5,25,5,24,0,0,0.213,0.237,0.347,0.619
335,GrantMcCray,23,CF,SF,37,124,13,25,3,2,5,10,6,56,5,0,0.202,0.238,0.379,0.738
357,WilmerFlores,32,1B,SF,71,214,19,44,12,0,4,26,20,33,0,0,0.206,0.277,0.318,0.625
378,BrettWisely,25,2B,SF,91,252,25,60,13,1,4,31,13,65,2,3,0.238,0.278,0.345,0.538
434,Jung HooLee,#N/A,CF,SF,37,145,15,38,4,0,2,8,10,13,2,3,0.262,0.31,0.331,0.788
437,RyanMcKenna,27,RF,SF,13,14,4,3,0,0,2,2,1,5,1,1,0.214,0.267,0.643,0.603
463,CurtCasali,35,C,SF,41,108,12,21,3,0,1,8,13,22,0,0,0.194,0.293,0.25,0.503
502,TomMurphy,33,C,SF,13,34,3,4,1,0,1,2,4,14,0,0,0.118,0.211,0.235,0.769
507,JaksonReetz,28,C,SF,6,14,1,2,1,0,1,1,1,5,0,0,0.143,0.2,0.429,0.256
515,DavidVillar,27,1B,SF,11,35,3,9,4,0,1,4,1,13,0,0,0.257,0.27,0.457,0.463
519,DonovanWalton,30,2B,SF,9,22,3,3,0,0,1,2,2,7,0,0,0.136,0.24,0.273,1.333
551,TrentonBrooks,28,1B,SF,12,25,3,3,0,0,0,1,4,6,1,0,0.12,0.241,0.12,0
631,AndrewKnapp,32,C,SF,3,6,0,1,0,0,0,0,0,2,0,0,0.167,0.167,0.167,0
642,MarcoLuciano,22,2B,SF,27,76,10,16,5,1,0,3,5,28,0,1,0.211,0.259,0.303,0.376
693,BlakeSabol,26,C,SF,11,32,3,10,2,0,0,1,5,9,0,0,0.313,0.421,0.375,0
61,PaulGoldschmidt,36,1B,STL,154,599,70,147,33,1,22,65,47,173,11,0,0.245,0.302,0.414,0.783
64,AlecBurleson,25,DH,STL,152,547,71,147,20,0,21,78,35,76,9,4,0.269,0.314,0.42,0.775
93,NolanGorman,24,2B,STL,107,365,42,74,15,0,19,50,34,151,6,1,0.203,0.271,0.4,0.761
117,NolanArenado,33,3B,STL,152,578,70,157,23,0,16,71,44,92,2,2,0.272,0.325,0.394,0.74
130,WillsonContreras,32,C,STL,84,301,48,79,17,0,15,36,45,96,4,1,0.262,0.38,0.468,0.679
143,MasynWinn,22,SS,STL,150,587,85,157,32,5,15,57,41,109,11,5,0.267,0.314,0.416,0.905
148,BrendanDonovan,27,LF,STL,153,587,65,163,34,3,14,73,47,81,5,5,0.278,0.342,0.417,0.646
191,LarsNootbaar,26,RF,STL,109,348,39,85,18,3,12,45,52,79,7,3,0.244,0.342,0.417,0.568
284,PedroPagés,25,C,STL,68,202,19,48,3,2,7,27,13,58,2,0,0.238,0.281,0.376,0.515
322,IvánHerrera,24,C,STL,72,229,37,69,12,1,5,27,25,53,5,0,0.301,0.372,0.428,0.577
344,JordanWalker,22,RF,STL,51,164,16,33,10,1,5,20,10,50,1,0,0.201,0.253,0.366,0.595
351,MattCarpenter,38,DH,STL,59,137,15,32,7,0,4,15,15,51,0,2,0.234,0.314,0.372,0.745
420,LukenBaker,27,X,STL,21,40,3,7,1,1,2,10,7,11,1,0,0.175,0.286,0.4,0.52
445,VictorScott,#N/A,CF,STL,53,145,14,26,9,0,2,10,6,42,5,1,0.179,0.219,0.283,0.797
446,MichaelSiani,24,CF,STL,124,298,42,68,7,2,2,20,21,92,20,3,0.228,0.285,0.285,0.543
466,BrandonCrawford,37,SS,STL,29,71,5,12,5,0,1,4,8,26,0,0,0.169,0.263,0.282,0.508
508,ThomasSaggese,22,2B,STL,18,49,5,10,2,0,1,4,2,14,0,0,0.204,0.25,0.306,0.394
579,JoséFermín,25,X,STL,45,71,7,11,1,1,0,4,7,11,2,1,0.155,0.241,0.197,0.575
580,RyanFernandez,26,P,STL,62,0,0,0,0,0,0,0,0,0,0,0,0,0,0,0
607,RyanHelsley,29,P,STL,65,0,0,0,0,0,0,0,0,0,0,0,0,0,0,0.334
628,JohnKing,29,P,STL,56,0,0,0,0,0,0,0,0,0,0,0,0,0,0,0.294
630,AndrewKittredge,34,P,STL,74,0,0,0,0,0,0,0,0,0,0,0,0,0,0,0.523
639,KyleLeahy,27,P,STL,33,0,0,0,0,0,0,0,0,0,0,0,0,0,0,0.134
691,JoJoRomero,27,P,STL,65,0,0,0,0,0,0,0,0,0,0,0,0,0,0,0.563
71,BrandonLowe,29,2B,TB,107,385,56,94,19,3,21,58,33,112,5,1,0.244,0.311,0.473,0.634
72,ChristopherMorel,25,2B,TB,152,535,56,105,11,3,21,60,61,159,8,7,0.196,0.288,0.346,0.78
107,JoseSiri,28,CF,TB,130,402,50,75,16,1,18,47,31,170,14,7,0.187,0.255,0.366,0.793
149,YandyDíaz,32,1B,TB,145,563,55,158,31,1,14,65,50,95,0,0,0.281,0.341,0.414,0.751
212,JoshLowe,26,RF,TB,106,353,37,85,19,2,10,34,32,123,25,1,0.241,0.302,0.391,0.669
222,JoséCaballero,27,SS,TB,139,441,53,100,24,1,9,44,27,133,44,16,0.227,0.283,0.347,0.688
293,JonathanAranda,26,1B,TB,44,128,22,30,7,0,6,14,12,32,0,0,0.234,0.308,0.43,0.764
295,JuniorCaminero,20,3B,TB,43,165,15,41,9,1,6,18,11,38,2,0,0.248,0.299,0.424,0.76
296,JonnyDeLuca,25,RF,TB,107,332,29,72,12,4,6,31,24,77,16,6,0.217,0.278,0.331,0.691
338,RichiePalacios,27,2B,TB,92,264,46,59,8,1,5,21,45,67,19,1,0.223,0.346,0.318,0.686
384,DylanCarlson,25,LF,TB,96,235,19,49,7,0,3,25,22,75,2,1,0.209,0.287,0.277,0.636
393,AlexJackson,28,C,TB,58,139,17,17,7,0,3,12,12,53,1,0,0.122,0.201,0.237,0.814
407,BenRortvedt,26,C,TB,112,290,27,66,13,0,3,31,34,88,1,0,0.228,0.317,0.303,0.687
440,RenéPinto,27,C,TB,19,42,5,9,3,0,2,6,4,18,0,0,0.214,0.292,0.429,0.638
471,LoganDriscoll,26,C,TB,15,35,2,6,0,0,1,5,1,6,0,0,0.171,0.189,0.257,0.394
499,CurtisMead,23,2B,TB,38,122,10,29,3,0,1,7,6,30,2,0,0.238,0.282,0.287,0.638
509,AustinShenton,26,1B,TB,19,42,3,9,5,0,1,3,8,14,0,0,0.214,0.34,0.405,0.413
517,TaylorWalls,27,SS,TB,84,218,27,40,5,3,1,14,31,67,16,4,0.183,0.282,0.248,0.497
548,RobBrantly,34,C,TB,3,9,0,1,0,0,0,0,0,2,0,0,0.111,0.111,0.111,0
664,KameronMisner,26,LF,TB,8,15,0,1,0,0,0,0,0,10,0,0,0.067,0.067,0.067,0
22,CoreySeager,30,SS,TEX,123,475,68,132,21,0,30,74,53,96,1,1,0.278,0.353,0.512,0.865
38,AdolisGarcía,31,RF,TEX,154,580,68,130,27,0,25,85,45,177,11,5,0.224,0.284,0.4,0.684
56,MarcusSemien,33,2B,TEX,159,650,101,154,27,2,23,74,64,105,8,3,0.237,0.308,0.391,0.993
120,WyattLangford,22,LF,TEX,134,499,74,126,25,4,16,74,51,115,19,3,0.253,0.325,0.415,0.747
122,NathanielLowe,28,1B,TEX,140,486,62,129,16,1,16,69,71,125,2,0,0.265,0.361,0.401,0.702
162,JonahHeim,29,C,TEX,131,459,45,101,12,1,13,59,26,90,1,1,0.22,0.267,0.336,0.774
174,JoshSmith,26,3B,TEX,149,523,67,135,30,1,13,62,46,121,11,2,0.258,0.337,0.394,0.657
192,LeodyTaveras,25,CF,TEX,151,480,59,110,17,3,12,44,42,112,23,6,0.229,0.289,0.352,0.7
231,CarsonKelly,29,C,TEX,91,281,32,67,9,1,9,37,25,55,0,0,0.238,0.313,0.374,0.81
281,JoshJung,26,3B,TEX,46,178,19,47,5,1,7,16,8,48,4,0,0.264,0.298,0.421,0.665
315,EvanCarter,21,LF,TEX,45,144,23,27,6,2,5,15,15,43,2,0,0.188,0.272,0.361,0.654
389,EzequielDuran,#N/A,3B,TEX,92,268,26,66,11,0,3,20,14,63,1,2,0.246,0.288,0.321,0.718
479,DustinHarris,24,DH,TEX,2,6,1,2,1,0,1,3,1,2,0,0,0.333,0.429,1,0.682
484,TravisJankowski,33,RF,TEX,104,190,19,38,5,0,1,12,12,44,11,1,0.2,0.266,0.242,0.466
489,AndrewKnizner,29,C,TEX,37,90,5,15,1,0,1,9,1,22,0,0,0.167,0.183,0.211,0.556
518,JaredWalsh,30,1B,TEX,17,53,9,12,2,0,1,7,7,21,0,0,0.226,0.317,0.321,0.47
520,DavisWendzel,27,3B,TEX,27,47,2,6,2,0,1,2,1,12,0,0,0.128,0.163,0.234,0
570,MattDuffy,33,3B,TEX,4,7,2,2,0,0,0,0,2,1,0,0,0.286,0.5,0.286,0.291
576,SandroFabian,26,LF,TEX,3,5,0,0,0,0,0,0,0,0,0,0,0,0,0,0.634
584,JustinFoscue,25,DH,TEX,15,42,3,2,1,0,0,1,2,18,0,0,0.048,0.091,0.071,0
593,JonGray,#N/A,P,TEX,24,0,0,0,0,0,0,0,0,0,0,0,0,0,0,0
609,JonathanHernández,27,P,TEX,26,0,0,0,0,0,0,0,0,0,0,0,0,0,0,0
615,SamHuff,26,C,TEX,3,3,0,0,0,0,0,0,1,2,0,0,0,0.25,0,0
636,JacobLatz,28,P,TEX,46,0,0,0,0,0,0,0,0,0,0,0,0,0,0,0.302
640,JoséLeclerc,30,P,TEX,64,0,0,0,0,0,0,0,0,0,0,0,0,0,0,0.756
670,JonathanOrnelas,24,3B,TEX,18,37,1,8,2,0,0,3,2,13,0,0,0.216,0.256,0.27,0.465
686,DavidRobertson,39,P,TEX,68,0,0,0,0,0,0,0,0,0,0,0,0,0,0,0
689,YerryRodríguez,26,P,TEX,12,0,0,0,0,0,0,0,0,0,0,0,0,0,0,0.325
719,JoséUreña,32,P,TEX,33,0,0,0,0,0,0,0,0,0,0,0,0,0,0,
731,OwenWhite,24,P,TEX,3,0,0,0,0,0,0,0,0,0,0,0,0,0,0,
740,KirbyYates,37,P,TEX,61,0,0,0,0,0,0,0,0,0,0,0,0,0,0,
20,VladimirGuerrero,25,1B,TOR,159,616,98,199,44,1,30,103,72,96,2,2,0.323,0.396,0.544,0.94
98,GeorgeSpringer,34,RF,TOR,145,545,74,120,19,3,19,56,60,115,16,1,0.22,0.303,0.371,0.751
109,DaultonVarsho,27,CF,TOR,136,459,73,98,21,7,18,58,48,137,10,2,0.214,0.293,0.407,0.625
172,DavisSchneider,25,LF,TOR,135,397,48,76,19,1,13,46,47,144,6,0,0.191,0.282,0.343,0.717
184,ErnieClement,28,3B,TOR,139,434,48,114,21,3,12,51,11,41,12,3,0.263,0.284,0.408,0.692
188,SpencerHorwitz,26,1B,TOR,97,328,46,87,19,0,12,40,42,70,0,0,0.265,0.357,0.433,0.71
273,AddisonBarger,24,3B,TOR,69,208,20,41,11,0,7,28,14,60,2,0,0.197,0.25,0.351,0.619
328,AlejandroKirk,25,C,TOR,103,340,23,86,19,1,5,54,35,51,0,0,0.253,0.319,0.359,0.671
349,BoBichette,26,SS,TOR,81,311,29,70,16,1,4,31,20,64,5,1,0.225,0.277,0.322,0.687
362,LeoJimenez,#N/A,SS,TOR,63,179,18,41,11,0,4,19,12,59,0,0,0.229,0.329,0.358,0.598
365,JoeyLoperfido,25,LF,TOR,81,243,24,52,13,4,4,25,13,95,4,2,0.214,0.264,0.35,0.966
451,WillWagner,25,2B,TOR,24,82,8,25,6,0,2,11,4,16,0,0,0.305,0.337,0.451,0.454
464,JonatanClase,22,CF,TOR,26,61,7,15,2,0,1,5,3,17,3,1,0.246,0.303,0.328,0.61
495,NathanLukes,29,LF,TOR,22,76,13,23,4,2,1,10,10,9,1,0,0.303,0.371,0.447,0.452
516,DanielVogelbach,31,DH,TOR,31,70,5,13,5,0,1,8,9,17,0,0,0.186,0.278,0.3,1.143
544,StewardBerroa,25,X,TOR,28,37,7,7,1,0,0,1,8,14,6,2,0.189,0.333,0.216,0.467
553,GénesisCabrera,27,P,TOR,69,0,0,0,0,0,0,0,0,0,0,0,0,0,0,0.4
565,LuisDe Los Santos,26,3B,TOR,13,29,2,5,2,0,0,1,2,10,0,0,0.172,0.226,0.241,0
595,ChadGreen,33,P,TOR,53,0,0,0,0,0,0,0,0,0,0,0,0,0,0,0
605,TylerHeineman,33,C,TOR,8,12,2,1,0,0,0,0,3,6,0,0,0.083,0.313,0.083,0
649,OrelvisMartinez,#N/A,2B,TOR,1,3,0,1,0,0,0,0,0,1,0,0,0.333,0.333,0.333,0.5
696,BrianServen,29,C,TOR,28,63,6,10,4,0,0,3,5,22,0,0,0.159,0.243,0.222,0.226
77,CJAbrams,23,SS,WSH,138,541,79,133,29,6,20,65,40,128,31,12,0.246,0.314,0.433,0.789
104,LuisGarcía,24,2B,WSH,140,500,58,141,25,1,18,70,27,86,22,5,0.282,0.318,0.444,0.621
170,KeibertRuiz,25,C,WSH,127,459,46,105,21,0,13,57,16,54,3,1,0.229,0.26,0.359,0.647
209,JoeyGallo,30,1B,WSH,76,223,24,36,9,0,10,27,32,102,3,1,0.161,0.277,0.336,0.607
243,JamesWood,21,LF,WSH,79,295,43,78,13,4,9,41,39,97,14,8,0.264,0.354,0.427,0.627
310,JuanYepez,26,1B,WSH,62,226,32,64,15,0,6,26,18,42,2,1,0.283,0.335,0.429,0.699
352,AndrésChaparro,25,DH,WSH,33,121,12,26,12,0,4,15,7,24,1,1,0.215,0.28,0.413,0.614
383,AlexCall,29,RF,WSH,30,99,15,34,9,0,3,14,12,19,5,1,0.343,0.425,0.525,0.894
387,DylanCrews,22,RF,WSH,31,119,12,26,5,1,3,8,11,26,12,3,0.218,0.288,0.353,0.775
401,JoeyMeneses,32,1B,WSH,76,281,19,65,11,0,3,42,21,63,2,0,0.231,0.291,0.302,0.362
411,JoséTena,23,3B,WSH,44,161,14,43,5,0,3,15,7,41,6,1,0.267,0.298,0.354,0.513
415,JacobYoung,24,CF,WSH,150,468,75,120,24,1,3,36,30,102,33,10,0.256,0.316,0.331,0.423
417,RileyAdams,28,C,WSH,41,116,10,26,5,1,2,8,10,35,1,0,0.224,0.292,0.336,0.869
441,HaroldRamírez,29,DH,WSH,73,238,28,62,7,1,2,29,5,50,6,2,0.261,0.28,0.324,0.66
478,StoneGarrett,28,DH,WSH,2,5,2,3,1,0,1,3,1,0,0,0,0.6,0.667,1.4,0.629
491,TreyLipscomb,24,3B,WSH,61,190,20,38,3,0,1,10,16,40,11,2,0.2,0.268,0.232,0.337
500,DrewMillas,26,C,WSH,20,57,7,14,1,0,1,1,5,16,4,0,0.246,0.306,0.316,0.513
513,IldemaroVargas,32,3B,WSH,97,272,21,67,16,0,1,30,19,31,9,4,0.246,0.295,0.316,0
536,DarrenBaker,25,X,WSH,9,14,1,7,2,0,0,0,0,3,0,0,0.5,0.5,0.643,0.333
546,TravisBlankenhorn,27,DH,WSH,13,31,2,4,1,0,0,5,1,9,0,0,0.129,0.156,0.161,0.5
581,KyleFinnegan,32,P,WSH,65,0,0,0,0,0,0,0,0,0,0,0,0,0,0,0
637,DerekLaw,33,P,WSH,75,0,0,0,0,0,0,0,0,0,0,0,0,0,0,0.407
669,NasimNuñez,23,SS,WSH,51,61,14,15,1,0,0,1,12,15,8,2,0.246,0.37,0.262,0.536
,,,,,,,,,,,,,,,,,,,,
,,,,,,,,,,,,,,,,,,,,
,,,,,,,,,,,,,,,,,,,,
,,,,,,,,,,,,,,,,,,,,
,,,,,,,,,,,,,,,,,,,,
,,,,,,,,,,,,,,,,,,,,
,,,,,,,,,,,,,,,,,,,,
,,,,,,,,,,,,,,,,,,,,
,,,,,,,,,,,,,,,,,,,,
,,,,,,,,,,,,,,,,,,,,
,,,,,,,,,,,,,,,,,,,,
,,,,,,,,,,,,,,,,,,,,
,,,,,,,,,,,,,,,,,,,,
,,,,,,,,,,,,,,,,,,,,
,,,,,,,,,,,,,,,,,,,,
,,,,,,,,,,,,,,,,,,,,
,,,,,,,,,,,,,,,,,,,,
,,,,,,,,,,,,,,,,,,,,
,,,,,,,,,,,,,,,,,,,,
,,,,,,,,,,,,,,,,,,,,
,,,,,,,,,,,,,,,,,,,,
,,,,,,,,,,,,,,,,,,,,
,,,,,,,,,,,,,,,,,,,,
,,,,,,,,,,,,,,,,,,,,
,,,,,,,,,,,,,,,,,,,,
,,,,,,,,,,,,,,,,,,,,
,,,,,,,,,,,,,,,,,,,,
,,,,,,,,,,,,,,,,,,,,
,,,,,,,,,,,,,,,,,,,,
,,,,,,,,,,,,,,,,,,,,
,,,,,,,,,,,,,,,,,,,,
,,,,,,,,,,,,,,,,,,,,
,,,,,,,,,,,,,,,,,,,,
,,,,,,,,,,,,,,,,,,,,
,,,,,,,,,,,,,,,,,,,,
,,,,,,,,,,,,,,,,,,,,
,,,,,,,,,,,,,,,,,,,,
,,,,,,,,,,,,,,,,,,,,
,,,,,,,,,,,,,,,,,,,,
,,,,,,,,,,,,,,,,,,,,
,,,,,,,,,,,,,,,,,,,,
,,,,,,,,,,,,,,,,,,,,
,,,,,,,,,,,,,,,,,,,,
,,,,,,,,,,,,,,,,,,,,
,,,,,,,,,,,,,,,,,,,,
,,,,,,,,,,,,,,,,,,,,
,,,,,,,,,,,,,,,,,,,,
,,,,,,,,,,,,,,,,,,,,
,,,,,,,,,,,,,,,,,,,,
,,,,,,,,,,,,,,,,,,,,
,,,,,,,,,,,,,,,,,,,,
,,,,,,,,,,,,,,,,,,,,
,,,,,,,,,,,,,,,,,,,,
,,,,,,,,,,,,,,,,,,,,
,,,,,,,,,,,,,,,,,,,,
,,,,,,,,,,,,,,,,,,,,
,,,,,,,,,,,,,,,,,,,,
,,,,,,,,,,,,,,,,,,,,
,,,,,,,,,,,,,,,,,,,,
,,,,,,,,,,,,,,,,,,,,
,,,,,,,,,,,,,,,,,,,,
,,,,,,,,,,,,,,,,,,,,
,,,,,,,,,,,,,,,,,,,,
,,,,,,,,,,,,,,,,,,,,
,,,,,,,,,,,,,,,,,,,,
,,,,,,,,,,,,,,,,,,,,
,,,,,,,,,,,,,,,,,,,,
,,,,,,,,,,,,,,,,,,,,
,,,,,,,,,,,,,,,,,,,,
,,,,,,,,,,,,,,,,,,,,
,,,,,,,,,,,,,,,,,,,,
,,,,,,,,,,,,,,,,,,,,
,,,,,,,,,,,,,,,,,,,,
,,,,,,,,,,,,,,,,,,,,
,,,,,,,,,,,,,,,,,,,,
,,,,,,,,,,,,,,,,,,,,
,,,,,,,,,,,,,,,,,,,,
,,,,,,,,,,,,,,,,,,,,
,,,,,,,,,,,,,,,,,,,,
,,,,,,,,,,,,,,,,,,,,
,,,,,,,,,,,,,,,,,,,,
,,,,,,,,,,,,,,,,,,,,
,,,,,,,,,,,,,,,,,,,,
,,,,,,,,,,,,,,,,,,,,
,,,,,,,,,,,,,,,,,,,,
,,,,,,,,,,,,,,,,,,,,
,,,,,,,,,,,,,,,,,,,,
,,,,,,,,,,,,,,,,,,,,
,,,,,,,,,,,,,,,,,,,,
,,,,,,,,,,,,,,,,,,,,
,,,,,,,,,,,,,,,,,,,,
,,,,,,,,,,,,,,,,,,,,
,,,,,,,,,,,,,,,,,,,,
,,,,,,,,,,,,,,,,,,,,
,,,,,,,,,,,,,,,,,,,,
,,,,,,,,,,,,,,,,,,,,
,,,,,,,,,,,,,,,,,,,,
,,,,,,,,,,,,,,,,,,,,
,,,,,,,,,,,,,,,,,,,,
,,,,,,,,,,,,,,,,,,,,
,,,,,,,,,,,,,,,,,,,,
,,,,,,,,,,,,,,,,,,,,
,,,,,,,,,,,,,,,,,,,,
,,,,,,,,,,,,,,,,,,,,
,,,,,,,,,,,,,,,,,,,,
,,,,,,,,,,,,,,,,,,,,
,,,,,,,,,,,,,,,,,,,,
,,,,,,,,,,,,,,,,,,,,
,,,,,,,,,,,,,,,,,,,,
,,,,,,,,,,,,,,,,,,,,
,,,,,,,,,,,,,,,,,,,,
,,,,,,,,,,,,,,,,,,,,
,,,,,,,,,,,,,,,,,,,,
,,,,,,,,,,,,,,,,,,,,
,,,,,,,,,,,,,,,,,,,,
,,,,,,,,,,,,,,,,,,,,
,,,,,,,,,,,,,,,,,,,,
,,,,,,,,,,,,,,,,,,,,
,,,,,,,,,,,,,,,,,,,,
,,,,,,,,,,,,,,,,,,,,
,,,,,,,,,,,,,,,,,,,,
,,,,,,,,,,,,,,,,,,,,
,,,,,,,,,,,,,,,,,,,,
,,,,,,,,,,,,,,,,,,,,
,,,,,,,,,,,,,,,,,,,,
,,,,,,,,,,,,,,,,,,,,
,,,,,,,,,,,,,,,,,,,,
,,,,,,,,,,,,,,,,,,,,
,,,,,,,,,,,,,,,,,,,,
,,,,,,,,,,,,,,,,,,,,
,,,,,,,,,,,,,,,,,,,,
,,,,,,,,,,,,,,,,,,,,
,,,,,,,,,,,,,,,,,,,,
,,,,,,,,,,,,,,,,,,,,
,,,,,,,,,,,,,,,,,,,,
,,,,,,,,,,,,,,,,,,,,
,,,,,,,,,,,,,,,,,,,,
,,,,,,,,,,,,,,,,,,,,
,,,,,,,,,,,,,,,,,,,,
,,,,,,,,,,,,,,,,,,,,
,,,,,,,,,,,,,,,,,,,,
,,,,,,,,,,,,,,,,,,,,
,,,,,,,,,,,,,,,,,,,,
,,,,,,,,,,,,,,,,,,,,
,,,,,,,,,,,,,,,,,,,,
,,,,,,,,,,,,,,,,,,,,
,,,,,,,,,,,,,,,,,,,,
,,,,,,,,,,,,,,,,,,,,
,,,,,,,,,,,,,,,,,,,,
,,,,,,,,,,,,,,,,,,,,
,,,,,,,,,,,,,,,,,,,,
,,,,,,,,,,,,,,,,,,,,
,,,,,,,,,,,,,,,,,,,,
,,,,,,,,,,,,,,,,,,,,
,,,,,,,,,,,,,,,,,,,,
,,,,,,,,,,,,,,,,,,,,
,,,,,,,,,,,,,,,,,,,,
,,,,,,,,,,,,,,,,,,,,
,,,,,,,,,,,,,,,,,,,,
,,,,,,,,,,,,,,,,,,,,
,,,,,,,,,,,,,,,,,,,,
,,,,,,,,,,,,,,,,,,,,
,,,,,,,,,,,,,,,,,,,,
,,,,,,,,,,,,,,,,,,,,
,,,,,,,,,,,,,,,,,,,,
,,,,,,,,,,,,,,,,,,,,
,,,,,,,,,,,,,,,,,,,,
,,,,,,,,,,,,,,,,,,,,
,,,,,,,,,,,,,,,,,,,,
,,,,,,,,,,,,,,,,,,,,
,,,,,,,,,,,,,,,,,,,,
,,,,,,,,,,,,,,,,,,,,
,,,,,,,,,,,,,,,,,,,,
,,,,,,,,,,,,,,,,,,,,
,,,,,,,,,,,,,,,,,,,,
,,,,,,,,,,,,,,,,,,,,
,,,,,,,,,,,,,,,,,,,,
,,,,,,,,,,,,,,,,,,,,
,,,,,,,,,,,,,,,,,,,,
,,,,,,,,,,,,,,,,,,,,
,,,,,,,,,,,,,,,,,,,,
,,,,,,,,,,,,,,,,,,,,
,,,,,,,,,,,,,,,,,,,,
,,,,,,,,,,,,,,,,,,,,
,,,,,,,,,,,,,,,,,,,,
,,,,,,,,,,,,,,,,,,,,
,,,,,,,,,,,,,,,,,,,,
,,,,,,,,,,,,,,,,,,,,
,,,,,,,,,,,,,,,,,,,,
,,,,,,,,,,,,,,,,,,,,
,,,,,,,,,,,,,,,,,,,,
,,,,,,,,,,,,,,,,,,,,
,,,,,,,,,,,,,,,,,,,,
,,,,,,,,,,,,,,,,,,,,
,,,,,,,,,,,,,,,,,,,,
,,,,,,,,,,,,,,,,,,,,
,,,,,,,,,,,,,,,,,,,,
,,,,,,,,,,,,,,,,,,,,
,,,,,,,,,,,,,,,,,,,,
,,,,,,,,,,,,,,,,,,,,
,,,,,,,,,,,,,,,,,,,,
,,,,,,,,,,,,,,,,,,,,
,,,,,,,,,,,,,,,,,,,,
,,,,,,,,,,,,,,,,,,,,
,,,,,,,,,,,,,,,,,,,,
,,,,,,,,,,,,,,,,,,,,
,,,,,,,,,,,,,,,,,,,,
,,,,,,,,,,,,,,,,,,,,
,,,,,,,,,,,,,,,,,,,,
,,,,,,,,,,,,,,,,,,,,
,,,,,,,,,,,,,,,,,,,,
,,,,,,,,,,,,,,,,,,,,
,,,,,,,,,,,,,,,,,,,,
,,,,,,,,,,,,,,,,,,,,
,,,,,,,,,,,,,,,,,,,,
,,,,,,,,,,,,,,,,,,,,
,,,,,,,,,,,,,,,,,,,,
,,,,,,,,,,,,,,,,,,,,
,,,,,,,,,,,,,,,,,,,,
,,,,,,,,,,,,,,,,,,,,
,,,,,,,,,,,,,,,,,,,,
,,,,,,,,,,,,,,,,,,,,
,,,,,,,,,,,,,,,,,,,,
,,,,,,,,,,,,,,,,,,,,
,,,,,,,,,,,,,,,,,,,,
,,,,,,,,,,,,,,,,,,,,
,,,,,,,,,,,,,,,,,,,,
,,,,,,,,,,,,,,,,,,,,
,,,,,,,,,,,,,,,,,,,,
,,,,,,,,,,,,,,,,,,,,
,,,,,,,,,,,,,,,,,,,,
,,,,,,,,,,,,,,,,,,,,
,,,,,,,,,,,,,,,,,,,,
,,,,,,,,,,,,,,,,,,,,
,,,,,,,,,,,,,,,,,,,,
,,,,,,,,,,,,,,,,,,,,
,,,,,,,,,,,,,,,,,,,,
,,,,,,,,,,,,,,,,,,,,
,,,,,,,,,,,,,,,,,,,,
,,,,,,,,,,,,,,,,,,,,
,,,,,,,,,,,,,,,,,,,,
,,,,,,,,,,,,,,,,,,,,
,,,,,,,,,,,,,,,,,,,,
,,,,,,,,,,,,,,,,,,,,
,,,,,,,,,,,,,,,,,,,,
,,,,,,,,,,,,,,,,,,,,
,,,,,,,,,,,,,,,,,,,,
,,,,,,,,,,,,,,,,,,,,
,,,,,,,,,,,,,,,,,,,,
,,,,,,,,,,,,,,,,,,,,
,,,,,,,,,,,,,,,,,,,,
,,,,,,,,,,,,,,,,,,,,
,,,,,,,,,,,,,,,,,,,,
,,,,,,,,,,,,,,,,,,,,
,,,,,,,,,,,,,,,,,,,,
,,,,,,,,,,,,,,,,,,,,
,,,,,,,,,,,,,,,,,,,,
,,,,,,,,,,,,,,,,,,,,
,,,,,,,,,,,,,,,,,,,,
,,,,,,,,,,,,,,,,,,,,
,,,,,,,,,,,,,,,,,,,,
,,,,,,,,,,,,,,,,,,,,
,,,,,,,,,,,,,,,,,,,,
,,,,,,,,,,,,,,,,,,,,
,,,,,,,,,,,,,,,,,,,,
,,,,,,,,,,,,,,,,,,,,
,,,,,,,,,,,,,,,,,,,,
,,,,,,,,,,,,,,,,,,,,
,,,,,,,,,,,,,,,,,,,,
,,,,,,,,,,,,,,,,,,,,
,,,,,,,,,,,,,,,,,,,,
,,,,,,,,,,,,,,,,,,,,
,,,,,,,,,,,,,,,,,,,,
,,,,,,,,,,,,,,,,,,,,
,,,,,,,,,,,,,,,,,,,,
,,,,,,,,,,,,,,,,,,,,
,,,,,,,,,,,,,,,,,,,,
,,,,,,,,,,,,,,,,,,,,
,,,,,,,,,,,,,,,,,,,,
,,,,,,,,,,,,,,,,,,,,
,,,,,,,,,,,,,,,,,,,,
,,,,,,,,,,,,,,,,,,,,
,,,,,,,,,,,,,,,,,,,,
,,,,,,,,,,,,,,,,,,,,
,,,,,,,,,,,,,,,,,,,,
,,,,,,,,,,,,,,,,,,,,
,,,,,,,,,,,,,,,,,,,,
,,,,,,,,,,,,,,,,,,,,
,,,,,,,,,,,,,,,,,,,,
,,,,,,,,,,,,,,,,,,,,
,,,,,,,,,,,,,,,,,,,,
,,,,,,,,,,,,,,,,,,,,
,,,,,,,,,,,,,,,,,,,,
,,,,,,,,,,,,,,,,,,,,
,,,,,,,,,,,,,,,,,,,,
,,,,,,,,,,,,,,,,,,,,
,,,,,,,,,,,,,,,,,,,,
,,,,,,,,,,,,,,,,,,,,
,,,,,,,,,,,,,,,,,,,,
,,,,,,,,,,,,,,,,,,,,
,,,,,,,,,,,,,,,,,,,,
,,,,,,,,,,,,,,,,,,,,
,,,,,,,,,,,,,,,,,,,,
,,,,,,,,,,,,,,,,,,,,
,,,,,,,,,,,,,,,,,,,,
,,,,,,,,,,,,,,,,,,,,
,,,,,,,,,,,,,,,,,,,,
,,,,,,,,,,,,,,,,,,,,
,,,,,,,,,,,,,,,,,,,,
,,,,,,,,,,,,,,,,,,,,
,,,,,,,,,,,,,,,,,,,,
,,,,,,,,,,,,,,,,,,,,
,,,,,,,,,,,,,,,,,,,,
,,,,,,,,,,,,,,,,,,,,
,,,,,,,,,,,,,,,,,,,,
,,,,,,,,,,,,,,,,,,,,
,,,,,,,,,,,,,,,,,,,,
,,,,,,,,,,,,,,,,,,,,
,,,,,,,,,,,,,,,,,,,,
,,,,,,,,,,,,,,,,,,,,
,,,,,,,,,,,,,,,,,,,,
,,,,,,,,,,,,,,,,,,,,
,,,,,,,,,,,,,,,,,,,,
,,,,,,,,,,,,,,,,,,,,
,,,,,,,,,,,,,,,,,,,,
,,,,,,,,,,,,,,,,,,,,
,,,,,,,,,,,,,,,,,,,,
,,,,,,,,,,,,,,,,,,,,
,,,,,,,,,,,,,,,,,,,,
,,,,,,,,,,,,,,,,,,,,
,,,,,,,,,,,,,,,,,,,,
,,,,,,,,,,,,,,,,,,,,
,,,,,,,,,,,,,,,,,,,,
,,,,,,,,,,,,,,,,,,,,
,,,,,,,,,,,,,,,,,,,,
,,,,,,,,,,,,,,,,,,,,
,,,,,,,,,,,,,,,,,,,,
,,,,,,,,,,,,,,,,,,,,
,,,,,,,,,,,,,,,,,,,,
,,,,,,,,,,,,,,,,,,,,
,,,,,,,,,,,,,,,,,,,,
,,,,,,,,,,,,,,,,,,,,
,,,,,,,,,,,,,,,,,,,,
,,,,,,,,,,,,,,,,,,,,
,,,,,,,,,,,,,,,,,,,,
,,,,,,,,,,,,,,,,,,,,
,,,,,,,,,,,,,,,,,,,,
,,,,,,,,,,,,,,,,,,,,
,,,,,,,,,,,,,,,,,,,,
,,,,,,,,,,,,,,,,,,,,
,,,,,,,,,,,,,,,,,,,,
,,,,,,,,,,,,,,,,,,,,
,,,,,,,,,,,,,,,,,,,,
,,,,,,,,,,,,,,,,,,,,
,,,,,,,,,,,,,,,,,,,,
,,,,,,,,,,,,,,,,,,,,
,,,,,,,,,,,,,,,,,,,,
,,,,,,,,,,,,,,,,,,,,
,,,,,,,,,,,,,,,,,,,,
,,,,,,,,,,,,,,,,,,,,
,,,,,,,,,,,,,,,,,,,,
,,,,,,,,,,,,,,,,,,,,
,,,,,,,,,,,,,,,,,,,,
,,,,,,,,,,,,,,,,,,,,
,,,,,,,,,,,,,,,,,,,,
,,,,,,,,,,,,,,,,,,,,
,,,,,,,,,,,,,,,,,,,,
,,,,,,,,,,,,,,,,,,,,
,,,,,,,,,,,,,,,,,,,,
,,,,,,,,,,,,,,,,,,,,
,,,,,,,,,,,,,,,,,,,,
,,,,,,,,,,,,,,,,,,,,
,,,,,,,,,,,,,,,,,,,,
,,,,,,,,,,,,,,,,,,,,
,,,,,,,,,,,,,,,,,,,,
,,,,,,,,,,,,,,,,,,,,
,,,,,,,,,,,,,,,,,,,,
,,,,,,,,,,,,,,,,,,,,
,,,,,,,,,,,,,,,,,,,,
,,,,,,,,,,,,,,,,,,,,
,,,,,,,,,,,,,,,,,,,,
,,,,,,,,,,,,,,,,,,,,
,,,,,,,,,,,,,,,,,,,,
,,,,,,,,,,,,,,,,,,,,
,,,,,,,,,,,,,,,,,,,,
,,,,,,,,,,,,,,,,,,,,
,,,,,,,,,,,,,,,,,,,,
,,,,,,,,,,,,,,,,,,,,
,,,,,,,,,,,,,,,,,,,,
,,,,,,,,,,,,,,,,,,,,
,,,,,,,,,,,,,,,,,,,,
,,,,,,,,,,,,,,,,,,,,
,,,,,,,,,,,,,,,,,,,,
,,,,,,,,,,,,,,,,,,,,
,,,,,,,,,,,,,,,,,,,,
,,,,,,,,,,,,,,,,,,,,
,,,,,,,,,,,,,,,,,,,,
,,,,,,,,,,,,,,,,,,,,
,,,,,,,,,,,,,,,,,,,,
,,,,,,,,,,,,,,,,,,,,
,,,,,,,,,,,,,,,,,,,,
,,,,,,,,,,,,,,,,,,,,
,,,,,,,,,,,,,,,,,,,,
,,,,,,,,,,,,,,,,,,,,
,,,,,,,,,,,,,,,,,,,,
,,,,,,,,,,,,,,,,,,,,
,,,,,,,,,,,,,,,,,,,,
,,,,,,,,,,,,,,,,,,,,
,,,,,,,,,,,,,,,,,,,,
,,,,,,,,,,,,,,,,,,,,
,,,,,,,,,,,,,,,,,,,,
,,,,,,,,,,,,,,,,,,,,
,,,,,,,,,,,,,,,,,,,,
,,,,,,,,,,,,,,,,,,,,
,,,,,,,,,,,,,,,,,,,,
,,,,,,,,,,,,,,,,,,,,
,,,,,,,,,,,,,,,,,,,,
,,,,,,,,,,,,,,,,,,,,
,,,,,,,,,,,,,,,,,,,,
,,,,,,,,,,,,,,,,,,,,
,,,,,,,,,,,,,,,,,,,,
,,,,,,,,,,,,,,,,,,,,
,,,,,,,,,,,,,,,,,,,,
,,,,,,,,,,,,,,,,,,,,
,,,,,,,,,,,,,,,,,,,,
,,,,,,,,,,,,,,,,,,,,
,,,,,,,,,,,,,,,,,,,,
,,,,,,,,,,,,,,,,,,,,
,,,,,,,,,,,,,,,,,,,,
,,,,,,,,,,,,,,,,,,,,
,,,,,,,,,,,,,,,,,,,,
,,,,,,,,,,,,,,,,,,,,
,,,,,,,,,,,,,,,,,,,,
,,,,,,,,,,,,,,,,,,,,
,,,,,,,,,,,,,,,,,,,,
,,,,,,,,,,,,,,,,,,,,
,,,,,,,,,,,,,,,,,,,,
,,,,,,,,,,,,,,,,,,,,
,,,,,,,,,,,,,,,,,,,,
,,,,,,,,,,,,,,,,,,,,
,,,,,,,,,,,,,,,,,,,,
,,,,,,,,,,,,,,,,,,,,
,,,,,,,,,,,,,,,,,,,,
,,,,,,,,,,,,,,,,,,,,
,,,,,,,,,,,,,,,,,,,,
,,,,,,,,,,,,,,,,,,,,
,,,,,,,,,,,,,,,,,,,,
,,,,,,,,,,,,,,,,,,,,
,,,,,,,,,,,,,,,,,,,,
,,,,,,,,,,,,,,,,,,,,
,,,,,,,,,,,,,,,,,,,,
,,,,,,,,,,,,,,,,,,,,
,,,,,,,,,,,,,,,,,,,,
,,,,,,,,,,,,,,,,,,,,
,,,,,,,,,,,,,,,,,,,,
,,,,,,,,,,,,,,,,,,,,
,,,,,,,,,,,,,,,,,,,,
,,,,,,,,,,,,,,,,,,,,
,,,,,,,,,,,,,,,,,,,,
,,,,,,,,,,,,,,,,,,,,
,,,,,,,,,,,,,,,,,,,,
,,,,,,,,,,,,,,,,,,,,
,,,,,,,,,,,,,,,,,,,,
,,,,,,,,,,,,,,,,,,,,
,,,,,,,,,,,,,,,,,,,,
,,,,,,,,,,,,,,,,,,,,
,,,,,,,,,,,,,,,,,,,,
,,,,,,,,,,,,,,,,,,,,
,,,,,,,,,,,,,,,,,,,,
,,,,,,,,,,,,,,,,,,,,
,,,,,,,,,,,,,,,,,,,,
,,,,,,,,,,,,,,,,,,,,
,,,,,,,,,,,,,,,,,,,,
,,,,,,,,,,,,,,,,,,,,
,,,,,,,,,,,,,,,,,,,,
,,,,,,,,,,,,,,,,,,,,
,,,,,,,,,,,,,,,,,,,,
,,,,,,,,,,,,,,,,,,,,
,,,,,,,,,,,,,,,,,,,,
,,,,,,,,,,,,,,,,,,,,
,,,,,,,,,,,,,,,,,,,,
,,,,,,,,,,,,,,,,,,,,
,,,,,,,,,,,,,,,,,,,,
,,,,,,,,,,,,,,,,,,,,
,,,,,,,,,,,,,,,,,,,,
,,,,,,,,,,,,,,,,,,,,
,,,,,,,,,,,,,,,,,,,,
,,,,,,,,,,,,,,,,,,,,
,,,,,,,,,,,,,,,,,,,,
,,,,,,,,,,,,,,,,,,,,
,,,,,,,,,,,,,,,,,,,,
,,,,,,,,,,,,,,,,,,,,
,,,,,,,,,,,,,,,,,,,,
,,,,,,,,,,,,,,,,,,,,
,,,,,,,,,,,,,,,,,,,,
,,,,,,,,,,,,,,,,,,,,
,,,,,,,,,,,,,,,,,,,,
,,,,,,,,,,,,,,,,,,,,
,,,,,,,,,,,,,,,,,,,,
,,,,,,,,,,,,,,,,,,,,
,,,,,,,,,,,,,,,,,,,,
,,,,,,,,,,,,,,,,,,,,
,,,,,,,,,,,,,,,,,,,,
,,,,,,,,,,,,,,,,,,,,
,,,,,,,,,,,,,,,,,,,,
,,,,,,,,,,,,,,,,,,,,
,,,,,,,,,,,,,,,,,,,,
,,,,,,,,,,,,,,,,,,,,
,,,,,,,,,,,,,,,,,,,,
,,,,,,,,,,,,,,,,,,,,
,,,,,,,,,,,,,,,,,,,,
,,,,,,,,,,,,,,,,,,,,
,,,,,,,,,,,,,,,,,,,,
,,,,,,,,,,,,,,,,,,,,
,,,,,,,,,,,,,,,,,,,,
,,,,,,,,,,,,,,,,,,,,
,,,,,,,,,,,,,,,,,,,,
,,,,,,,,,,,,,,,,,,,,
,,,,,,,,,,,,,,,,,,,,
,,,,,,,,,,,,,,,,,,,,
,,,,,,,,,,,,,,,,,,,,
,,,,,,,,,,,,,,,,,,,,
,,,,,,,,,,,,,,,,,,,,
,,,,,,,,,,,,,,,,,,,,
,,,,,,,,,,,,,,,,,,,,
,,,,,,,,,,,,,,,,,,,,
,,,,,,,,,,,,,,,,,,,,
,,,,,,,,,,,,,,,,,,,,
,,,,,,,,,,,,,,,,,,,,
,,,,,,,,,,,,,,,,,,,,
,,,,,,,,,,,,,,,,,,,,
,,,,,,,,,,,,,,,,,,,,
,,,,,,,,,,,,,,,,,,,,
,,,,,,,,,,,,,,,,,,,,
,,,,,,,,,,,,,,,,,,,,
,,,,,,,,,,,,,,,,,,,,
,,,,,,,,,,,,,,,,,,,,
,,,,,,,,,,,,,,,,,,,,
,,,,,,,,,,,,,,,,,,,,
,,,,,,,,,,,,,,,,,,,,
,,,,,,,,,,,,,,,,,,,,
,,,,,,,,,,,,,,,,,,,,
,,,,,,,,,,,,,,,,,,,,
,,,,,,,,,,,,,,,,,,,,
,,,,,,,,,,,,,,,,,,,,
,,,,,,,,,,,,,,,,,,,,
,,,,,,,,,,,,,,,,,,,,
,,,,,,,,,,,,,,,,,,,,
,,,,,,,,,,,,,,,,,,,,
,,,,,,,,,,,,,,,,,,,,
,,,,,,,,,,,,,,,,,,,,
,,,,,,,,,,,,,,,,,,,,
,,,,,,,,,,,,,,,,,,,,
,,,,,,,,,,,,,,,,,,,,
,,,,,,,,,,,,,,,,,,,,
,,,,,,,,,,,,,,,,,,,,
,,,,,,,,,,,,,,,,,,,,
,,,,,,,,,,,,,,,,,,,,
,,,,,,,,,,,,,,,,,,,,
,,,,,,,,,,,,,,,,,,,,
,,,,,,,,,,,,,,,,,,,,
,,,,,,,,,,,,,,,,,,,,
,,,,,,,,,,,,,,,,,,,,
,,,,,,,,,,,,,,,,,,,,
,,,,,,,,,,,,,,,,,,,,
,,,,,,,,,,,,,,,,,,,,
,,,,,,,,,,,,,,,,,,,,
,,,,,,,,,,,,,,,,,,,,
,,,,,,,,,,,,,,,,,,,,
,,,,,,,,,,,,,,,,,,,,
,,,,,,,,,,,,,,,,,,,,
,,,,,,,,,,,,,,,,,,,,
,,,,,,,,,,,,,,,,,,,,
,,,,,,,,,,,,,,,,,,,,
,,,,,,,,,,,,,,,,,,,,
,,,,,,,,,,,,,,,,,,,,
,,,,,,,,,,,,,,,,,,,,
,,,,,,,,,,,,,,,,,,,,
,,,,,,,,,,,,,,,,,,,,
,,,,,,,,,,,,,,,,,,,,
,,,,,,,,,,,,,,,,,,,,
,,,,,,,,,,,,,,,,,,,,
,,,,,,,,,,,,,,,,,,,,
,,,,,,,,,,,,,,,,,,,,
,,,,,,,,,,,,,,,,,,,,
,,,,,,,,,,,,,,,,,,,,
,,,,,,,,,,,,,,,,,,,,
,,,,,,,,,,,,,,,,,,,,
,,,,,,,,,,,,,,,,,,,,
,,,,,,,,,,,,,,,,,,,,
,,,,,,,,,,,,,,,,,,,,
,,,,,,,,,,,,,,,,,,,,
,,,,,,,,,,,,,,,,,,,,
,,,,,,,,,,,,,,,,,,,,
,,,,,,,,,,,,,,,,,,,,
,,,,,,,,,,,,,,,,,,,,
,,,,,,,,,,,,,,,,,,,,
,,,,,,,,,,,,,,,,,,,,
,,,,,,,,,,,,,,,,,,,,
,,,,,,,,,,,,,,,,,,,,
,,,,,,,,,,,,,,,,,,,,
,,,,,,,,,,,,,,,,,,,,
,,,,,,,,,,,,,,,,,,,,
,,,,,,,,,,,,,,,,,,,,
,,,,,,,,,,,,,,,,,,,,
,,,,,,,,,,,,,,,,,,,,
,,,,,,,,,,,,,,,,,,,,
,,,,,,,,,,,,,,,,,,,,
,,,,,,,,,,,,,,,,,,,,
,,,,,,,,,,,,,,,,,,,,
,,,,,,,,,,,,,,,,,,,,
,,,,,,,,,,,,,,,,,,,,
,,,,,,,,,,,,,,,,,,,,
,,,,,,,,,,,,,,,,,,,,
,,,,,,,,,,,,,,,,,,,,
,,,,,,,,,,,,,,,,,,,,
,,,,,,,,,,,,,,,,,,,,
,,,,,,,,,,,,,,,,,,,,
,,,,,,,,,,,,,,,,,,,,
,,,,,,,,,,,,,,,,,,,,
,,,,,,,,,,,,,,,,,,,,
,,,,,,,,,,,,,,,,,,,,
,,,,,,,,,,,,,,,,,,,,
,,,,,,,,,,,,,,,,,,,,
,,,,,,,,,,,,,,,,,,,,
,,,,,,,,,,,,,,,,,,,,
,,,,,,,,,,,,,,,,,,,,
,,,,,,,,,,,,,,,,,,,,
,,,,,,,,,,,,,,,,,,,,
,,,,,,,,,,,,,,,,,,,,
,,,,,,,,,,,,,,,,,,,,
,,,,,,,,,,,,,,,,,,,,
,,,,,,,,,,,,,,,,,,,,
,,,,,,,,,,,,,,,,,,,,
,,,,,,,,,,,,,,,,,,,,
,,,,,,,,,,,,,,,,,,,,
,,,,,,,,,,,,,,,,,,,,
,,,,,,,,,,,,,,,,,,,,
,,,,,,,,,,,,,,,,,,,,
,,,,,,,,,,,,,,,,,,,,
,,,,,,,,,,,,,,,,,,,,
,,,,,,,,,,,,,,,,,,,,
,,,,,,,,,,,,,,,,,,,,
,,,,,,,,,,,,,,,,,,,,
,,,,,,,,,,,,,,,,,,,,
,,,,,,,,,,,,,,,,,,,,
,,,,,,,,,,,,,,,,,,,,
,,,,,,,,,,,,,,,,,,,,
,,,,,,,,,,,,,,,,,,,,
,,,,,,,,,,,,,,,,,,,,
,,,,,,,,,,,,,,,,,,,,
,,,,,,,,,,,,,,,,,,,,
,,,,,,,,,,,,,,,,,,,,
,,,,,,,,,,,,,,,,,,,,
,,,,,,,,,,,,,,,,,,,,
,,,,,,,,,,,,,,,,,,,,
,,,,,,,,,,,,,,,,,,,,
,,,,,,,,,,,,,,,,,,,,
,,,,,,,,,,,,,,,,,,,,
,,,,,,,,,,,,,,,,,,,,
,,,,,,,,,,,,,,,,,,,,
,,,,,,,,,,,,,,,,,,,,
,,,,,,,,,,,,,,,,,,,,
,,,,,,,,,,,,,,,,,,,,
,,,,,,,,,,,,,,,,,,,,
,,,,,,,,,,,,,,,,,,,,
,,,,,,,,,,,,,,,,,,,,
,,,,,,,,,,,,,,,,,,,,
,,,,,,,,,,,,,,,,,,,,
,,,,,,,,,,,,,,,,,,,,
,,,,,,,,,,,,,,,,,,,,
,,,,,,,,,,,,,,,,,,,,
,,,,,,,,,,,,,,,,,,,,
,,,,,,,,,,,,,,,,,,,,
,,,,,,,,,,,,,,,,,,,,
,,,,,,,,,,,,,,,,,,,,
,,,,,,,,,,,,,,,,,,,,
,,,,,,,,,,,,,,,,,,,,
,,,,,,,,,,,,,,,,,,,,
,,,,,,,,,,,,,,,,,,,,
,,,,,,,,,,,,,,,,,,,,
,,,,,,,,,,,,,,,,,,,,
,,,,,,,,,,,,,,,,,,,,
,,,,,,,,,,,,,,,,,,,,
,,,,,,,,,,,,,,,,,,,,
,,,,,,,,,,,,,,,,,,,,
,,,,,,,,,,,,,,,,,,,,
,,,,,,,,,,,,,,,,,,,,
,,,,,,,,,,,,,,,,,,,,
,,,,,,,,,,,,,,,,,,,,
,,,,,,,,,,,,,,,,,,,,
,,,,,,,,,,,,,,,,,,,,
,,,,,,,,,,,,,,,,,,,,
,,,,,,,,,,,,,,,,,,,,
,,,,,,,,,,,,,,,,,,,,
,,,,,,,,,,,,,,,,,,,,
,,,,,,,,,,,,,,,,,,,,
,,,,,,,,,,,,,,,,,,,,
,,,,,,,,,,,,,,,,,,,,
,,,,,,,,,,,,,,,,,,,,
,,,,,,,,,,,,,,,,,,,,
,,,,,,,,,,,,,,,,,,,,
,,,,,,,,,,,,,,,,,,,,
,,,,,,,,,,,,,,,,,,,,
,,,,,,,,,,,,,,,,,,,,
,,,,,,,,,,,,,,,,,,,,
,,,,,,,,,,,,,,,,,,,,
,,,,,,,,,,,,,,,,,,,,
,,,,,,,,,,,,,,,,,,,,
,,,,,,,,,,,,,,,,,,,,
,,,,,,,,,,,,,,,,,,,,
,,,,,,,,,,,,,,,,,,,,
,,,,,,,,,,,,,,,,,,,,
,,,,,,,,,,,,,,,,,,,,
,,,,,,,,,,,,,,,,,,,,
,,,,,,,,,,,,,,,,,,,,
,,,,,,,,,,,,,,,,,,,,
,,,,,,,,,,,,,,,,,,,,
,,,,,,,,,,,,,,,,,,,,
,,,,,,,,,,,,,,,,,,,,
,,,,,,,,,,,,,,,,,,,,
,,,,,,,,,,,,,,,,,,,,
,,,,,,,,,,,,,,,,,,,,
,,,,,,,,,,,,,,,,,,,,
,,,,,,,,,,,,,,,,,,,,
,,,,,,,,,,,,,,,,,,,,
,,,,,,,,,,,,,,,,,,,,
,,,,,,,,,,,,,,,,,,,,
,,,,,,,,,,,,,,,,,,,,
,,,,,,,,,,,,,,,,,,,,
,,,,,,,,,,,,,,,,,,,,
,,,,,,,,,,,,,,,,,,,,
,,,,,,,,,,,,,,,,,,,,
,,,,,,,,,,,,,,,,,,,,
,,,,,,,,,,,,,,,,,,,,
,,,,,,,,,,,,,,,,,,,,
,,,,,,,,,,,,,,,,,,,,
,,,,,,,,,,,,,,,,,,,,
,,,,,,,,,,,,,,,,,,,,
,,,,,,,,,,,,,,,,,,,,
,,,,,,,,,,,,,,,,,,,,
,,,,,,,,,,,,,,,,,,,,
,,,,,,,,,,,,,,,,,,,,
,,,,,,,,,,,,,,,,,,,,
,,,,,,,,,,,,,,,,,,,,
,,,,,,,,,,,,,,,,,,,,
,,,,,,,,,,,,,,,,,,,,
,,,,,,,,,,,,,,,,,,,,
,,,,,,,,,,,,,,,,,,,,
,,,,,,,,,,,,,,,,,,,,
,,,,,,,,,,,,,,,,,,,,
,,,,,,,,,,,,,,,,,,,,
,,,,,,,,,,,,,,,,,,,,
,,,,,,,,,,,,,,,,,,,,
,,,,,,,,,,,,,,,,,,,,
,,,,,,,,,,,,,,,,,,,,
,,,,,,,,,,,,,,,,,,,,
,,,,,,,,,,,,,,,,,,,,
,,,,,,,,,,,,,,,,,,,,
,,,,,,,,,,,,,,,,,,,,
,,,,,,,,,,,,,,,,,,,,
,,,,,,,,,,,,,,,,,,,,
,,,,,,,,,,,,,,,,,,,,
,,,,,,,,,,,,,,,,,,,,
,,,,,,,,,,,,,,,,,,,,
,,,,,,,,,,,,,,,,,,,,
,,,,,,,,,,,,,,,,,,,,
,,,,,,,,,,,,,,,,,,,,
,,,,,,,,,,,,,,,,,,,,
,,,,,,,,,,,,,,,,,,,,
,,,,,,,,,,,,,,,,,,,,
,,,,,,,,,,,,,,,,,,,,
,,,,,,,,,,,,,,,,,,,,
,,,,,,,,,,,,,,,,,,,,
,,,,,,,,,,,,,,,,,,,,
,,,,,,,,,,,,,,,,,,,,
,,,,,,,,,,,,,,,,,,,,
,,,,,,,,,,,,,,,,,,,,
,,,,,,,,,,,,,,,,,,,,
,,,,,,,,,,,,,,,,,,,,
,,,,,,,,,,,,,,,,,,,,
,,,,,,,,,,,,,,,,,,,,
,,,,,,,,,,,,,,,,,,,,
,,,,,,,,,,,,,,,,,,,,
,,,,,,,,,,,,,,,,,,,,
,,,,,,,,,,,,,,,,,,,,
,,,,,,,,,,,,,,,,,,,,
,,,,,,,,,,,,,,,,,,,,
,,,,,,,,,,,,,,,,,,,,
,,,,,,,,,,,,,,,,,,,,
,,,,,,,,,,,,,,,,,,,,
,,,,,,,,,,,,,,,,,,,,
,,,,,,,,,,,,,,,,,,,,
,,,,,,,,,,,,,,,,,,,,
,,,,,,,,,,,,,,,,,,,,
,,,,,,,,,,,,,,,,,,,,
,,,,,,,,,,,,,,,,,,,,
,,,,,,,,,,,,,,,,,,,,
,,,,,,,,,,,,,,,,,,,,
,,,,,,,,,,,,,,,,,,,,
,,,,,,,,,,,,,,,,,,,,
,,,,,,,,,,,,,,,,,,,,
,,,,,,,,,,,,,,,,,,,,
,,,,,,,,,,,,,,,,,,,,
,,,,,,,,,,,,,,,,,,,,
,,,,,,,,,,,,,,,,,,,,
,,,,,,,,,,,,,,,,,,,,
,,,,,,,,,,,,,,,,,,,,
,,,,,,,,,,,,,,,,,,,,
,,,,,,,,,,,,,,,,,,,,
,,,,,,,,,,,,,,,,,,,,
,,,,,,,,,,,,,,,,,,,,
,,,,,,,,,,,,,,,,,,,,
,,,,,,,,,,,,,,,,,,,,
,,,,,,,,,,,,,,,,,,,,
,,,,,,,,,,,,,,,,,,,,
,,,,,,,,,,,,,,,,,,,,
,,,,,,,,,,,,,,,,,,,,
,,,,,,,,,,,,,,,,,,,,
,,,,,,,,,,,,,,,,,,,,
,,,,,,,,,,,,,,,,,,,,
,,,,,,,,,,,,,,,,,,,,
,,,,,,,,,,,,,,,,,,,,
,,,,,,,,,,,,,,,,,,,,
,,,,,,,,,,,,,,,,,,,,
,,,,,,,,,,,,,,,,,,,,
,,,,,,,,,,,,,,,,,,,,
,,,,,,,,,,,,,,,,,,,,
,,,,,,,,,,,,,,,,,,,,
,,,,,,,,,,,,,,,,,,,,
,,,,,,,,,,,,,,,,,,,,
,,,,,,,,,,,,,,,,,,,,
,,,,,,,,,,,,,,,,,,,,
,,,,,,,,,,,,,,,,,,,,
,,,,,,,,,,,,,,,,,,,,
,,,,,,,,,,,,,,,,,,,,
,,,,,,,,,,,,,,,,,,,,
,,,,,,,,,,,,,,,,,,,,
,,,,,,,,,,,,,,,,,,,,
,,,,,,,,,,,,,,,,,,,,
,,,,,,,,,,,,,,,,,,,,
,,,,,,,,,,,,,,,,,,,,
,,,,,,,,,,,,,,,,,,,,
,,,,,,,,,,,,,,,,,,,,
,,,,,,,,,,,,,,,,,,,,
,,,,,,,,,,,,,,,,,,,,
,,,,,,,,,,,,,,,,,,,,
,,,,,,,,,,,,,,,,,,,,
,,,,,,,,,,,,,,,,,,,,
,,,,,,,,,,,,,,,,,,,,
,,,,,,,,,,,,,,,,,,,,
,,,,,,,,,,,,,,,,,,,,
,,,,,,,,,,,,,,,,,,,,
,,,,,,,,,,,,,,,,,,,,
,,,,,,,,,,,,,,,,,,,,
,,,,,,,,,,,,,,,,,,,,
,,,,,,,,,,,,,,,,,,,,
,,,,,,,,,,,,,,,,,,,,
,,,,,,,,,,,,,,,,,,,,
,,,,,,,,,,,,,,,,,,,,
,,,,,,,,,,,,,,,,,,,,
,,,,,,,,,,,,,,,,,,,,
,,,,,,,,,,,,,,,,,,,,
,,,,,,,,,,,,,,,,,,,,
,,,,,,,,,,,,,,,,,,,,
,,,,,,,,,,,,,,,,,,,,
,,,,,,,,,,,,,,,,,,,,
,,,,,,,,,,,,,,,,,,,,
,,,,,,,,,,,,,,,,,,,,
,,,,,,,,,,,,,,,,,,,,
,,,,,,,,,,,,,,,,,,,,
,,,,,,,,,,,,,,,,,,,,
,,,,,,,,,,,,,,,,,,,,
,,,,,,,,,,,,,,,,,,,,
,,,,,,,,,,,,,,,,,,,,
,,,,,,,,,,,,,,,,,,,,
,,,,,,,,,,,,,,,,,,,,
,,,,,,,,,,,,,,,,,,,,
,,,,,,,,,,,,,,,,,,,,
,,,,,,,,,,,,,,,,,,,,
,,,,,,,,,,,,,,,,,,,,
,,,,,,,,,,,,,,,,,,,,
,,,,,,,,,,,,,,,,,,,,
,,,,,,,,,,,,,,,,,,,,
,,,,,,,,,,,,,,,,,,,,
,,,,,,,,,,,,,,,,,,,,
,,,,,,,,,,,,,,,,,,,,
,,,,,,,,,,,,,,,,,,,,
,,,,,,,,,,,,,,,,,,,,
,,,,,,,,,,,,,,,,,,,,
,,,,,,,,,,,,,,,,,,,,
,,,,,,,,,,,,,,,,,,,,
,,,,,,,,,,,,,,,,,,,,
,,,,,,,,,,,,,,,,,,,,
,,,,,,,,,,,,,,,,,,,,
,,,,,,,,,,,,,,,,,,,,
,,,,,,,,,,,,,,,,,,,,
,,,,,,,,,,,,,,,,,,,,
,,,,,,,,,,,,,,,,,,,,
,,,,,,,,,,,,,,,,,,,,
,,,,,,,,,,,,,,,,,,,,
,,,,,,,,,,,,,,,,,,,,
,,,,,,,,,,,,,,,,,,,,
,,,,,,,,,,,,,,,,,,,,
,,,,,,,,,,,,,,,,,,,,
,,,,,,,,,,,,,,,,,,,,
,,,,,,,,,,,,,,,,,,,,
,,,,,,,,,,,,,,,,,,,,
,,,,,,,,,,,,,,,,,,,,
,,,,,,,,,,,,,,,,,,,,
,,,,,,,,,,,,,,,,,,,,
,,,,,,,,,,,,,,,,,,,,
,,,,,,,,,,,,,,,,,,,,
,,,,,,,,,,,,,,,,,,,,
,,,,,,,,,,,,,,,,,,,,
,,,,,,,,,,,,,,,,,,,,
,,,,,,,,,,,,,,,,,,,,
,,,,,,,,,,,,,,,,,,,,
,,,,,,,,,,,,,,,,,,,,
,,,,,,,,,,,,,,,,,,,,
,,,,,,,,,,,,,,,,,,,,
,,,,,,,,,,,,,,,,,,,,
,,,,,,,,,,,,,,,,,,,,
,,,,,,,,,,,,,,,,,,,,
,,,,,,,,,,,,,,,,,,,,
,,,,,,,,,,,,,,,,,,,,
,,,,,,,,,,,,,,,,,,,,
,,,,,,,,,,,,,,,,,,,,
,,,,,,,,,,,,,,,,,,,,
,,,,,,,,,,,,,,,,,,,,
,,,,,,,,,,,,,,,,,,,,
,,,,,,,,,,,,,,,,,,,,
,,,,,,,,,,,,,,,,,,,,
,,,,,,,,,,,,,,,,,,,,
,,,,,,,,,,,,,,,,,,,,
,,,,,,,,,,,,,,,,,,,,
,,,,,,,,,,,,,,,,,,,,
,,,,,,,,,,,,,,,,,,,,
,,,,,,,,,,,,,,,,,,,,
,,,,,,,,,,,,,,,,,,,,
,,,,,,,,,,,,,,,,,,,,
,,,,,,,,,,,,,,,,,,,,
,,,,,,,,,,,,,,,,,,,,
,,,,,,,,,,,,,,,,,,,,
,,,,,,,,,,,,,,,,,,,,
,,,,,,,,,,,,,,,,,,,,
,,,,,,,,,,,,,,,,,,,,
,,,,,,,,,,,,,,,,,,,,
,,,,,,,,,,,,,,,,,,,,
,,,,,,,,,,,,,,,,,,,,
,,,,,,,,,,,,,,,,,,,,
,,,,,,,,,,,,,,,,,,,,
,,,,,,,,,,,,,,,,,,,,
,,,,,,,,,,,,,,,,,,,,
,,,,,,,,,,,,,,,,,,,,
,,,,,,,,,,,,,,,,,,,,
,,,,,,,,,,,,,,,,,,,,
,,,,,,,,,,,,,,,,,,,,
,,,,,,,,,,,,,,,,,,,,
,,,,,,,,,,,,,,,,,,,,
,,,,,,,,,,,,,,,,,,,,
,,,,,,,,,,,,,,,,,,,,
,,,,,,,,,,,,,,,,,,,,
,,,,,,,,,,,,,,,,,,,,
,,,,,,,,,,,,,,,,,,,,
,,,,,,,,,,,,,,,,,,,,
,,,,,,,,,,,,,,,,,,,,
,,,,,,,,,,,,,,,,,,,,
,,,,,,,,,,,,,,,,,,,,
,,,,,,,,,,,,,,,,,,,,
,,,,,,,,,,,,,,,,,,,,
,,,,,,,,,,,,,,,,,,,,
,,,,,,,,,,,,,,,,,,,,
,,,,,,,,,,,,,,,,,,,,
,,,,,,,,,,,,,,,,,,,,
,,,,,,,,,,,,,,,,,,,,
,,,,,,,,,,,,,,,,,,,,
,,,,,,,,,,,,,,,,,,,,
,,,,,,,,,,,,,,,,,,,,
,,,,,,,,,,,,,,,,,,,,
,,,,,,,,,,,,,,,,,,,,
,,,,,,,,,,,,,,,,,,,,
,,,,,,,,,,,,,,,,,,,,
,,,,,,,,,,,,,,,,,,,,
,,,,,,,,,,,,,,,,,,,,
,,,,,,,,,,,,,,,,,,,,
,,,,,,,,,,,,,,,,,,,,
,,,,,,,,,,,,,,,,,,,,
,,,,,,,,,,,,,,,,,,,,
,,,,,,,,,,,,,,,,,,,,
,,,,,,,,,,,,,,,,,,,,
,,,,,,,,,,,,,,,,,,,,
,,,,,,,,,,,,,,,,,,,,
,,,,,,,,,,,,,,,,,,,,
,,,,,,,,,,,,,,,,,,,,
,,,,,,,,,,,,,,,,,,,,
,,,,,,,,,,,,,,,,,,,,
,,,,,,,,,,,,,,,,,,,,
,,,,,,,,,,,,,,,,,,,,
,,,,,,,,,,,,,,,,,,,,
,,,,,,,,,,,,,,,,,,,,
,,,,,,,,,,,,,,,,,,,,
,,,,,,,,,,,,,,,,,,,,
,,,,,,,,,,,,,,,,,,,,
,,,,,,,,,,,,,,,,,,,,
,,,,,,,,,,,,,,,,,,,,
,,,,,,,,,,,,,,,,,,,,
,,,,,,,,,,,,,,,,,,,,
,,,,,,,,,,,,,,,,,,,,
,,,,,,,,,,,,,,,,,,,,
,,,,,,,,,,,,,,,,,,,,
,,,,,,,,,,,,,,,,,,,,
,,,,,,,,,,,,,,,,,,,,
,,,,,,,,,,,,,,,,,,,,
,,,,,,,,,,,,,,,,,,,,
,,,,,,,,,,,,,,,,,,,,
,,,,,,,,,,,,,,,,,,,,
,,,,,,,,,,,,,,,,,,,,
,,,,,,,,,,,,,,,,,,,,
,,,,,,,,,,,,,,,,,,,,
,,,,,,,,,,,,,,,,,,,,
,,,,,,,,,,,,,,,,,,,,
,,,,,,,,,,,,,,,,,,,,
,,,,,,,,,,,,,,,,,,,,
,,,,,,,,,,,,,,,,,,,,
,,,,,,,,,,,,,,,,,,,,
,,,,,,,,,,,,,,,,,,,,
,,,,,,,,,,,,,,,,,,,,
,,,,,,,,,,,,,,,,,,,,
,,,,,,,,,,,,,,,,,,,,
,,,,,,,,,,,,,,,,,,,,
,,,,,,,,,,,,,,,,,,,,
,,,,,,,,,,,,,,,,,,,,
,,,,,,,,,,,,,,,,,,,,
,,,,,,,,,,,,,,,,,,,,
,,,,,,,,,,,,,,,,,,,,
,,,,,,,,,,,,,,,,,,,,
,,,,,,,,,,,,,,,,,,,,
,,,,,,,,,,,,,,,,,,,,
,,,,,,,,,,,,,,,,,,,,
,,,,,,,,,,,,,,,,,,,,
,,,,,,,,,,,,,,,,,,,,
,,,,,,,,,,,,,,,,,,,,
,,,,,,,,,,,,,,,,,,,,
,,,,,,,,,,,,,,,,,,,,
,,,,,,,,,,,,,,,,,,,,
,,,,,,,,,,,,,,,,,,,,
,,,,,,,,,,,,,,,,,,,,
,,,,,,,,,,,,,,,,,,,,
,,,,,,,,,,,,,,,,,,,,
,,,,,,,,,,,,,,,,,,,,
,,,,,,,,,,,,,,,,,,,,
,,,,,,,,,,,,,,,,,,,,
,,,,,,,,,,,,,,,,,,,,
,,,,,,,,,,,,,,,,,,,,
,,,,,,,,,,,,,,,,,,,,
,,,,,,,,,,,,,,,,,,,,
,,,,,,,,,,,,,,,,,,,,
,,,,,,,,,,,,,,,,,,,,
,,,,,,,,,,,,,,,,,,,,
,,,,,,,,,,,,,,,,,,,,
,,,,,,,,,,,,,,,,,,,,
,,,,,,,,,,,,,,,,,,,,
,,,,,,,,,,,,,,,,,,,,
,,,,,,,,,,,,,,,,,,,,
,,,,,,,,,,,,,,,,,,,,
,,,,,,,,,,,,,,,,,,,,
,,,,,,,,,,,,,,,,,,,,
,,,,,,,,,,,,,,,,,,,,
,,,,,,,,,,,,,,,,,,,,
,,,,,,,,,,,,,,,,,,,,
,,,,,,,,,,,,,,,,,,,,
,,,,,,,,,,,,,,,,,,,,
,,,,,,,,,,,,,,,,,,,,
,,,,,,,,,,,,,,,,,,,,
,,,,,,,,,,,,,,,,,,,,
,,,,,,,,,,,,,,,,,,,,
,,,,,,,,,,,,,,,,,,,,
,,,,,,,,,,,,,,,,,,,,
,,,,,,,,,,,,,,,,,,,,
,,,,,,,,,,,,,,,,,,,,
,,,,,,,,,,,,,,,,,,,,
,,,,,,,,,,,,,,,,,,,,
,,,,,,,,,,,,,,,,,,,,
,,,,,,,,,,,,,,,,,,,,
,,,,,,,,,,,,,,,,,,,,
,,,,,,,,,,,,,,,,,,,,
,,,,,,,,,,,,,,,,,,,,
,,,,,,,,,,,,,,,,,,,,
,,,,,,,,,,,,,,,,,,,,
,,,,,,,,,,,,,,,,,,,,
,,,,,,,,,,,,,,,,,,,,
,,,,,,,,,,,,,,,,,,,,
,,,,,,,,,,,,,,,,,,,,
,,,,,,,,,,,,,,,,,,,,
,,,,,,,,,,,,,,,,,,,,
,,,,,,,,,,,,,,,,,,,,
,,,,,,,,,,,,,,,,,,,,
,,,,,,,,,,,,,,,,,,,,
,,,,,,,,,,,,,,,,,,,,
,,,,,,,,,,,,,,,,,,,,
,,,,,,,,,,,,,,,,,,,,
,,,,,,,,,,,,,,,,,,,,
,,,,,,,,,,,,,,,,,,,,
,,,,,,,,,,,,,,,,,,,,
,,,,,,,,,,,,,,,,,,,,
,,,,,,,,,,,,,,,,,,,,
,,,,,,,,,,,,,,,,,,,,
,,,,,,,,,,,,,,,,,,,,
,,,,,,,,,,,,,,,,,,,,
,,,,,,,,,,,,,,,,,,,,
,,,,,,,,,,,,,,,,,,,,
,,,,,,,,,,,,,,,,,,,,
,,,,,,,,,,,,,,,,,,,,
,,,,,,,,,,,,,,,,,,,,
,,,,,,,,,,,,,,,,,,,,
,,,,,,,,,,,,,,,,,,,,
,,,,,,,,,,,,,,,,,,,,
,,,,,,,,,,,,,,,,,,,,
,,,,,,,,,,,,,,,,,,,,
,,,,,,,,,,,,,,,,,,,,
,,,,,,,,,,,,,,,,,,,,
,,,,,,,,,,,,,,,,,,,,
,,,,,,,,,,,,,,,,,,,,
,,,,,,,,,,,,,,,,,,,,
,,,,,,,,,,,,,,,,,,,,
,,,,,,,,,,,,,,,,,,,,
,,,,,,,,,,,,,,,,,,,,
,,,,,,,,,,,,,,,,,,,,
,,,,,,,,,,,,,,,,,,,,
,,,,,,,,,,,,,,,,,,,,
,,,,,,,,,,,,,,,,,,,,
,,,,,,,,,,,,,,,,,,,,
,,,,,,,,,,,,,,,,,,,,
,,,,,,,,,,,,,,,,,,,,
,,,,,,,,,,,,,,,,,,,,
,,,,,,,,,,,,,,,,,,,,
,,,,,,,,,,,,,,,,,,,,
,,,,,,,,,,,,,,,,,,,,
,,,,,,,,,,,,,,,,,,,,
,,,,,,,,,,,,,,,,,,,,
,,,,,,,,,,,,,,,,,,,,
,,,,,,,,,,,,,,,,,,,,
,,,,,,,,,,,,,,,,,,,,
,,,,,,,,,,,,,,,,,,,,
,,,,,,,,,,,,,,,,,,,,
,,,,,,,,,,,,,,,,,,,,
,,,,,,,,,,,,,,,,,,,,
,,,,,,,,,,,,,,,,,,,,
,,,,,,,,,,,,,,,,,,,,
,,,,,,,,,,,,,,,,,,,,
,,,,,,,,,,,,,,,,,,,,
,,,,,,,,,,,,,,,,,,,,
,,,,,,,,,,,,,,,,,,,,
,,,,,,,,,,,,,,,,,,,,
,,,,,,,,,,,,,,,,,,,,
,,,,,,,,,,,,,,,,,,,,
,,,,,,,,,,,,,,,,,,,,
,,,,,,,,,,,,,,,,,,,,
,,,,,,,,,,,,,,,,,,,,
,,,,,,,,,,,,,,,,,,,,
,,,,,,,,,,,,,,,,,,,,
,,,,,,,,,,,,,,,,,,,,
,,,,,,,,,,,,,,,,,,,,
,,,,,,,,,,,,,,,,,,,,
,,,,,,,,,,,,,,,,,,,,
,,,,,,,,,,,,,,,,,,,,
,,,,,,,,,,,,,,,,,,,,
,,,,,,,,,,,,,,,,,,,,
,,,,,,,,,,,,,,,,,,,,
,,,,,,,,,,,,,,,,,,,,
,,,,,,,,,,,,,,,,,,,,
,,,,,,,,,,,,,,,,,,,,
,,,,,,,,,,,,,,,,,,,,
,,,,,,,,,,,,,,,,,,,,
,,,,,,,,,,,,,,,,,,,,
,,,,,,,,,,,,,,,,,,,,
,,,,,,,,,,,,,,,,,,,,
,,,,,,,,,,,,,,,,,,,,
,,,,,,,,,,,,,,,,,,,,
,,,,,,,,,,,,,,,,,,,,
,,,,,,,,,,,,,,,,,,,,
,,,,,,,,,,,,,,,,,,,,
,,,,,,,,,,,,,,,,,,,,
,,,,,,,,,,,,,,,,,,,,
,,,,,,,,,,,,,,,,,,,,
,,,,,,,,,,,,,,,,,,,,
,,,,,,,,,,,,,,,,,,,,
,,,,,,,,,,,,,,,,,,,,
,,,,,,,,,,,,,,,,,,,,
,,,,,,,,,,,,,,,,,,,,
,,,,,,,,,,,,,,,,,,,,
,,,,,,,,,,,,,,,,,,,,
,,,,,,,,,,,,,,,,,,,,
,,,,,,,,,,,,,,,,,,,,
,,,,,,,,,,,,,,,,,,,,
,,,,,,,,,,,,,,,,,,,,
,,,,,,,,,,,,,,,,,,,,
,,,,,,,,,,,,,,,,,,,,
,,,,,,,,,,,,,,,,,,,,
,,,,,,,,,,,,,,,,,,,,
,,,,,,,,,,,,,,,,,,,,
,,,,,,,,,,,,,,,,,,,,
,,,,,,,,,,,,,,,,,,,,
,,,,,,,,,,,,,,,,,,,,
,,,,,,,,,,,,,,,,,,,,
,,,,,,,,,,,,,,,,,,,,
,,,,,,,,,,,,,,,,,,,,
,,,,,,,,,,,,,,,,,,,,
,,,,,,,,,,,,,,,,,,,,
,,,,,,,,,,,,,,,,,,,,
,,,,,,,,,,,,,,,,,,,,
,,,,,,,,,,,,,,,,,,,,
,,,,,,,,,,,,,,,,,,,,
,,,,,,,,,,,,,,,,,,,,
,,,,,,,,,,,,,,,,,,,,
,,,,,,,,,,,,,,,,,,,,
,,,,,,,,,,,,,,,,,,,,
,,,,,,,,,,,,,,,,,,,,
,,,,,,,,,,,,,,,,,,,,
,,,,,,,,,,,,,,,,,,,,
,,,,,,,,,,,,,,,,,,,,
,,,,,,,,,,,,,,,,,,,,
,,,,,,,,,,,,,,,,,,,,
,,,,,,,,,,,,,,,,,,,,
,,,,,,,,,,,,,,,,,,,,
,,,,,,,,,,,,,,,,,,,,
,,,,,,,,,,,,,,,,,,,,
,,,,,,,,,,,,,,,,,,,,
,,,,,,,,,,,,,,,,,,,,
,,,,,,,,,,,,,,,,,,,,
,,,,,,,,,,,,,,,,,,,,
,,,,,,,,,,,,,,,,,,,,
,,,,,,,,,,,,,,,,,,,,
,,,,,,,,,,,,,,,,,,,,
,,,,,,,,,,,,,,,,,,,,
,,,,,,,,,,,,,,,,,,,,
,,,,,,,,,,,,,,,,,,,,
,,,,,,,,,,,,,,,,,,,,
,,,,,,,,,,,,,,,,,,,,
,,,,,,,,,,,,,,,,,,,,
,,,,,,,,,,,,,,,,,,,,
,,,,,,,,,,,,,,,,,,,,
,,,,,,,,,,,,,,,,,,,,
,,,,,,,,,,,,,,,,,,,,
,,,,,,,,,,,,,,,,,,,,
,,,,,,,,,,,,,,,,,,,,
,,,,,,,,,,,,,,,,,,,,
,,,,,,,,,,,,,,,,,,,,
,,,,,,,,,,,,,,,,,,,,
,,,,,,,,,,,,,,,,,,,,
,,,,,,,,,,,,,,,,,,,,
,,,,,,,,,,,,,,,,,,,,
,,,,,,,,,,,,,,,,,,,,
,,,,,,,,,,,,,,,,,,,,
,,,,,,,,,,,,,,,,,,,,
,,,,,,,,,,,,,,,,,,,,
,,,,,,,,,,,,,,,,,,,,
,,,,,,,,,,,,,,,,,,,,
,,,,,,,,,,,,,,,,,,,,
,,,,,,,,,,,,,,,,,,,,
,,,,,,,,,,,,,,,,,,,,
,,,,,,,,,,,,,,,,,,,,
,,,,,,,,,,,,,,,,,,,,
,,,,,,,,,,,,,,,,,,,,
,,,,,,,,,,,,,,,,,,,,
,,,,,,,,,,,,,,,,,,,,
,,,,,,,,,,,,,,,,,,,,
,,,,,,,,,,,,,,,,,,,,
,,,,,,,,,,,,,,,,,,,,
,,,,,,,,,,,,,,,,,,,,
,,,,,,,,,,,,,,,,,,,,
,,,,,,,,,,,,,,,,,,,,
,,,,,,,,,,,,,,,,,,,,
,,,,,,,,,,,,,,,,,,,,
,,,,,,,,,,,,,,,,,,,,
,,,,,,,,,,,,,,,,,,,,
,,,,,,,,,,,,,,,,,,,,
,,,,,,,,,,,,,,,,,,,,
,,,,,,,,,,,,,,,,,,,,
,,,,,,,,,,,,,,,,,,,,
,,,,,,,,,,,,,,,,,,,,
,,,,,,,,,,,,,,,,,,,,
,,,,,,,,,,,,,,,,,,,,
,,,,,,,,,,,,,,,,,,,,
,,,,,,,,,,,,,,,,,,,,
,,,,,,,,,,,,,,,,,,,,
,,,,,,,,,,,,,,,,,,,,
,,,,,,,,,,,,,,,,,,,,
,,,,,,,,,,,,,,,,,,,,
,,,,,,,,,,,,,,,,,,,,
,,,,,,,,,,,,,,,,,,,,
,,,,,,,,,,,,,,,,,,,,
,,,,,,,,,,,,,,,,,,,,
,,,,,,,,,,,,,,,,,,,,
,,,,,,,,,,,,,,,,,,,,
,,,,,,,,,,,,,,,,,,,,
,,,,,,,,,,,,,,,,,,,,
,,,,,,,,,,,,,,,,,,,,
,,,,,,,,,,,,,,,,,,,,
,,,,,,,,,,,,,,,,,,,,
,,,,,,,,,,,,,,,,,,,,
,,,,,,,,,,,,,,,,,,,,
,,,,,,,,,,,,,,,,,,,,
,,,,,,,,,,,,,,,,,,,,
,,,,,,,,,,,,,,,,,,,,
,,,,,,,,,,,,,,,,,,,,
,,,,,,,,,,,,,,,,,,,,
,,,,,,,,,,,,,,,,,,,,
,,,,,,,,,,,,,,,,,,,,
,,,,,,,,,,,,,,,,,,,,
,,,,,,,,,,,,,,,,,,,,
,,,,,,,,,,,,,,,,,,,,
,,,,,,,,,,,,,,,,,,,,
,,,,,,,,,,,,,,,,,,,,
,,,,,,,,,,,,,,,,,,,,
,,,,,,,,,,,,,,,,,,,,
,,,,,,,,,,,,,,,,,,,,
,,,,,,,,,,,,,,,,,,,,
,,,,,,,,,,,,,,,,,,,,
,,,,,,,,,,,,,,,,,,,,
,,,,,,,,,,,,,,,,,,,,
,,,,,,,,,,,,,,,,,,,,
,,,,,,,,,,,,,,,,,,,,
,,,,,,,,,,,,,,,,,,,,
,,,,,,,,,,,,,,,,,,,,
,,,,,,,,,,,,,,,,,,,,
,,,,,,,,,,,,,,,,,,,,
,,,,,,,,,,,,,,,,,,,,
,,,,,,,,,,,,,,,,,,,,
,,,,,,,,,,,,,,,,,,,,
,,,,,,,,,,,,,,,,,,,,
,,,,,,,,,,,,,,,,,,,,
,,,,,,,,,,,,,,,,,,,,
,,,,,,,,,,,,,,,,,,,,
,,,,,,,,,,,,,,,,,,,,
,,,,,,,,,,,,,,,,,,,,
,,,,,,,,,,,,,,,,,,,,
,,,,,,,,,,,,,,,,,,,,
,,,,,,,,,,,,,,,,,,,,
,,,,,,,,,,,,,,,,,,,,
,,,,,,,,,,,,,,,,,,,,
,,,,,,,,,,,,,,,,,,,,
,,,,,,,,,,,,,,,,,,,,
,,,,,,,,,,,,,,,,,,,,
,,,,,,,,,,,,,,,,,,,,
,,,,,,,,,,,,,,,,,,,,
,,,,,,,,,,,,,,,,,,,,
,,,,,,,,,,,,,,,,,,,,
,,,,,,,,,,,,,,,,,,,,
,,,,,,,,,,,,,,,,,,,,
,,,,,,,,,,,,,,,,,,,,
,,,,,,,,,,,,,,,,,,,,
,,,,,,,,,,,,,,,,,,,,
,,,,,,,,,,,,,,,,,,,,
,,,,,,,,,,,,,,,,,,,,
,,,,,,,,,,,,,,,,,,,,
,,,,,,,,,,,,,,,,,,,,
,,,,,,,,,,,,,,,,,,,,
,,,,,,,,,,,,,,,,,,,,
,,,,,,,,,,,,,,,,,,,,
,,,,,,,,,,,,,,,,,,,,
,,,,,,,,,,,,,,,,,,,,
,,,,,,,,,,,,,,,,,,,,
,,,,,,,,,,,,,,,,,,,,
,,,,,,,,,,,,,,,,,,,,
,,,,,,,,,,,,,,,,,,,,
,,,,,,,,,,,,,,,,,,,,
,,,,,,,,,,,,,,,,,,,,
,,,,,,,,,,,,,,,,,,,,
,,,,,,,,,,,,,,,,,,,,
,,,,,,,,,,,,,,,,,,,,
,,,,,,,,,,,,,,,,,,,,
,,,,,,,,,,,,,,,,,,,,
,,,,,,,,,,,,,,,,,,,,
,,,,,,,,,,,,,,,,,,,,
,,,,,,,,,,,,,,,,,,,,
,,,,,,,,,,,,,,,,,,,,
,,,,,,,,,,,,,,,,,,,,
,,,,,,,,,,,,,,,,,,,,
,,,,,,,,,,,,,,,,,,,,
,,,,,,,,,,,,,,,,,,,,
,,,,,,,,,,,,,,,,,,,,
,,,,,,,,,,,,,,,,,,,,
,,,,,,,,,,,,,,,,,,,,
,,,,,,,,,,,,,,,,,,,,
,,,,,,,,,,,,,,,,,,,,
,,,,,,,,,,,,,,,,,,,,
,,,,,,,,,,,,,,,,,,,,
,,,,,,,,,,,,,,,,,,,,
,,,,,,,,,,,,,,,,,,,,
,,,,,,,,,,,,,,,,,,,,
,,,,,,,,,,,,,,,,,,,,
,,,,,,,,,,,,,,,,,,,,
,,,,,,,,,,,,,,,,,,,,
,,,,,,,,,,,,,,,,,,,,
,,,,,,,,,,,,,,,,,,,,
,,,,,,,,,,,,,,,,,,,,
,,,,,,,,,,,,,,,,,,,,
,,,,,,,,,,,,,,,,,,,,
,,,,,,,,,,,,,,,,,,,,
,,,,,,,,,,,,,,,,,,,,
,,,,,,,,,,,,,,,,,,,,
,,,,,,,,,,,,,,,,,,,,
,,,,,,,,,,,,,,,,,,,,
,,,,,,,,,,,,,,,,,,,,
,,,,,,,,,,,,,,,,,,,,
,,,,,,,,,,,,,,,,,,,,
,,,,,,,,,,,,,,,,,,,,
,,,,,,,,,,,,,,,,,,,,
,,,,,,,,,,,,,,,,,,,,
,,,,,,,,,,,,,,,,,,,,
,,,,,,,,,,,,,,,,,,,,
,,,,,,,,,,,,,,,,,,,,
,,,,,,,,,,,,,,,,,,,,
,,,,,,,,,,,,,,,,,,,,
,,,,,,,,,,,,,,,,,,,,
,,,,,,,,,,,,,,,,,,,,
,,,,,,,,,,,,,,,,,,,,
,,,,,,,,,,,,,,,,,,,,
,,,,,,,,,,,,,,,,,,,,
,,,,,,,,,,,,,,,,,,,,
,,,,,,,,,,,,,,,,,,,,
,,,,,,,,,,,,,,,,,,,,
,,,,,,,,,,,,,,,,,,,,
,,,,,,,,,,,,,,,,,,,,
,,,,,,,,,,,,,,,,,,,,
,,,,,,,,,,,,,,,,,,,,
,,,,,,,,,,,,,,,,,,,,
,,,,,,,,,,,,,,,,,,,,
,,,,,,,,,,,,,,,,,,,,
,,,,,,,,,,,,,,,,,,,,
,,,,,,,,,,,,,,,,,,,,
,,,,,,,,,,,,,,,,,,,,
,,,,,,,,,,,,,,,,,,,,
,,,,,,,,,,,,,,,,,,,,
,,,,,,,,,,,,,,,,,,,,
,,,,,,,,,,,,,,,,,,,,
,,,,,,,,,,,,,,,,,,,,
,,,,,,,,,,,,,,,,,,,,
,,,,,,,,,,,,,,,,,,,,
,,,,,,,,,,,,,,,,,,,,
,,,,,,,,,,,,,,,,,,,,
,,,,,,,,,,,,,,,,,,,,
,,,,,,,,,,,,,,,,,,,,
,,,,,,,,,,,,,,,,,,,,
,,,,,,,,,,,,,,,,,,,,
,,,,,,,,,,,,,,,,,,,,
,,,,,,,,,,,,,,,,,,,,
,,,,,,,,,,,,,,,,,,,,
,,,,,,,,,,,,,,,,,,,,
,,,,,,,,,,,,,,,,,,,,
,,,,,,,,,,,,,,,,,,,,
,,,,,,,,,,,,,,,,,,,,
,,,,,,,,,,,,,,,,,,,,
,,,,,,,,,,,,,,,,,,,,
,,,,,,,,,,,,,,,,,,,,
,,,,,,,,,,,,,,,,,,,,
,,,,,,,,,,,,,,,,,,,,
,,,,,,,,,,,,,,,,,,,,
,,,,,,,,,,,,,,,,,,,,
,,,,,,,,,,,,,,,,,,,,
,,,,,,,,,,,,,,,,,,,,
,,,,,,,,,,,,,,,,,,,,
,,,,,,,,,,,,,,,,,,,,
,,,,,,,,,,,,,,,,,,,,
,,,,,,,,,,,,,,,,,,,,
,,,,,,,,,,,,,,,,,,,,
,,,,,,,,,,,,,,,,,,,,
,,,,,,,,,,,,,,,,,,,,
,,,,,,,,,,,,,,,,,,,,
,,,,,,,,,,,,,,,,,,,,
,,,,,,,,,,,,,,,,,,,,
,,,,,,,,,,,,,,,,,,,,
,,,,,,,,,,,,,,,,,,,,
,,,,,,,,,,,,,,,,,,,,
,,,,,,,,,,,,,,,,,,,,
,,,,,,,,,,,,,,,,,,,,
,,,,,,,,,,,,,,,,,,,,
,,,,,,,,,,,,,,,,,,,,
,,,,,,,,,,,,,,,,,,,,
,,,,,,,,,,,,,,,,,,,,
,,,,,,,,,,,,,,,,,,,,
,,,,,,,,,,,,,,,,,,,,
,,,,,,,,,,,,,,,,,,,,
,,,,,,,,,,,,,,,,,,,,
,,,,,,,,,,,,,,,,,,,,
,,,,,,,,,,,,,,,,,,,,
,,,,,,,,,,,,,,,,,,,,
,,,,,,,,,,,,,,,,,,,,
,,,,,,,,,,,,,,,,,,,,
,,,,,,,,,,,,,,,,,,,,
,,,,,,,,,,,,,,,,,,,,
,,,,,,,,,,,,,,,,,,,,
,,,,,,,,,,,,,,,,,,,,
,,,,,,,,,,,,,,,,,,,,
,,,,,,,,,,,,,,,,,,,,
,,,,,,,,,,,,,,,,,,,,
,,,,,,,,,,,,,,,,,,,,
,,,,,,,,,,,,,,,,,,,,
,,,,,,,,,,,,,,,,,,,,
,,,,,,,,,,,,,,,,,,,,
,,,,,,,,,,,,,,,,,,,,
,,,,,,,,,,,,,,,,,,,,
,,,,,,,,,,,,,,,,,,,,
,,,,,,,,,,,,,,,,,,,,
,,,,,,,,,,,,,,,,,,,,
,,,,,,,,,,,,,,,,,,,,
,,,,,,,,,,,,,,,,,,,,
,,,,,,,,,,,,,,,,,,,,
,,,,,,,,,,,,,,,,,,,,
,,,,,,,,,,,,,,,,,,,,