person_number,pid,level,func_dept,region,emailcount,meetingcount,centrality,emailcount_int,meetingcount_int,emailcount_ext,meetingcount_ext,attainquota
1,6,Exec,Operations,Central,3066,3970.4,0.24190354,3066,2759,0,1211.4,NA
2,7,Junior,Operations,West,17210,853,0.29707286,6978,697,10232,156,NA
3,8,MidLevel,Operations,West,5866,0,0.34625369,5830,0,36,0,NA
4,9,MidLevel,Operations,Central,8826,5356,0.33971581,6652,4137,2174,1219,NA
5,10,MidLevel,R&D,Central,9754,6293,0.30871445,5784,4808,3970,1485,NA
6,13,Junior,Operations,West,9905,0,0.23139203,5805,0,4100,0,NA
7,14,MidLevel,Operations,Central,3892,1922,0.17280692,2546,1727,1346,195,NA
8,15,MidLevel,Operations,Central,13397,5496,0.35080594,6767,4563,6630,933,NA
9,17,Junior,Operations,Central,1749,784,0.13453534,1617,701,132,83,NA
10,22,Junior,Operations,Central,4700,2190,0.30072936,4240,1970,460,220,NA
11,35,MidLevel,Operations,Central,9737,2463,0.29207462,5405,1918,4332,545,NA
12,41,MidLevel,Operations,Central,3434,1766,0.30965418,2770,1430,664,336,NA
13,44,Junior,Operations,Central,1234,1286,0.08717446,1078,1075,156,211,NA
14,45,Junior,Operations,West,2389,1740,0.1537682,1671,1198,718,542,NA
15,50,Junior,Operations,Central,5943,885,0.27090237,3135,797,2808,88,NA
16,55,Junior,Operations,West,2620,1106,0.1980893,2310,963,310,143,NA
17,61,Junior,Operations,West,3510,1624,0.17881317,2508,1250,1002,374,NA
18,63,MidLevel,Operations,Central,3351,2201,0.29026058,3077,1863,274,338,NA
19,64,MidLevel,Operations,West,4494,3830,0.24248838,3038,2700,1456,1130,NA
20,66,MidLevel,Operations,South,1777,0,0.071577683,1413,0,364,0,NA
21,81,Exec,G&A,Central,8011,0,0.45499673,7091,0,920,0,NA
22,82,Junior,Operations,Central,2048,3701,0.43006051,1978,2982,70,719,NA
23,83,Junior,Operations,Central,944,154,0.1457777,944,136,0,18,NA
24,89,Exec,G&A,Central,8553,2065,0.5068329,8071,1693,482,372,NA
25,91,Junior,G&A,Central,5468,0,0.406544,3906,0,1562,0,NA
26,94,MidLevel,Operations,West,7563,0,0.22699778,4703,0,2860,0,NA
27,103,MidLevel,Operations,Central,13941,0,0.35459727,7549,0,6392,0,NA
28,112,MidLevel,Operations,Central,4246,1305,0.23533267,3398,1146,848,159,NA
29,113,MidLevel,G&A,Central,4809,1162,0.55977488,3879,1037,930,125,NA
30,116,MidLevel,G&A,Central,10104,1339,0.92291415,7204,1182,2900,157,NA
31,117,Junior,G&A,West,2714,9,0.21785519,2342,7,372,2,NA
32,119,MidLevel,R&D,Central,1610,1340,0.29960468,1562,1216,48,124,NA
33,120,MidLevel,Operations,Central,3065,0,0.30468702,2741,0,324,0,NA
34,123,Junior,G&A,Central,4757,1094,0.46285743,4003,983,754,111,NA
35,124,MidLevel,G&A,West,4219,193,0.28517619,3793,170,426,23,NA
36,128,MidLevel,G&A,Central,2607,2745,0.37521157,2417,2330,190,415,NA
37,135,Junior,HR,Central,5492,127,0.59840077,3758,103,1734,24,NA
38,142,MidLevel,G&A,Central,8562,748,0.80563992,6430,677,2132,71,NA
39,145,Junior,Operations,South,8207,1056,0.17617552,6027,764,2180,292,NA
40,147,MidLevel,Operations,South,2541,513,0.10218003,2397,318,144,195,NA
41,150,Exec,Operations,Central,14183,4974.4,0.69993347,12709,3541,1474,1433.4,NA
42,161,Junior,G&A,Central,2405,537,0.19614288,2403,488,2,49,NA
43,162,Junior,Operations,South,1183,0,0.059344858,773,0,410,0,NA
44,170,MidLevel,G&A,West,5332,0,0.33598015,4774,0,558,0,NA
45,184,MidLevel,Operations,Central,8797,1078,0.66872084,5225,945,3572,133,NA
46,185,MidLevel,Operations,Central,4457,0,0.15065913,3745,0,712,0,NA
47,192,MidLevel,Operations,Central,10710,3849,0.48088241,7732,3068,2978,781,NA
48,197,Junior,Operations,Central,2347,1539,0.22326672,1883,1343,464,196,NA
49,204,MidLevel,Operations,West,5549,13,0.28260383,5429,13,120,0,NA
50,219,MidLevel,Operations,West,7873,2176,0.25316432,7097,2082,776,94,NA
51,223,Junior,Product Management,Central,1837,669,0.23395185,1439,582,398,87,NA
52,227,Exec,Operations,Central,5571,2972,0.32458058,3987,2542,1584,430,NA
53,246,Junior,Operations,West,12710,1102,0.25398922,6264,753,6446,349,NA
54,250,Junior,Operations,West,4483,2454,0.20276666,3719,1950,764,504,NA
55,256,MidLevel,G&A,West,4441,1917,0.35167834,4235,1668,206,249,NA
56,258,Exec,G&A,Central,5888,2258,0.52171636,5888,1944,0,314,NA
57,259,MidLevel,G&A,Central,3603,1155,0.30697623,3059,1031,544,124,NA
58,264,MidLevel,Operations,West,11033,467,0.30166629,8095,401,2938,66,NA
59,266,MidLevel,Operations,West,4691,2065,0.23076002,4243,1579,448,486,NA
60,267,MidLevel,Operations,Central,2313,940,0.17619959,2023,777,290,163,NA
61,268,Exec,R&D,Central,10669,5949,0.4781113,8527,4450,2142,1499,NA
62,277,Junior,Operations,West,2166,888,0.25337562,2138,766,28,122,NA
63,279,MidLevel,Operations,West,3791,0,0.22884382,2865,0,926,0,NA
64,283,Exec,Operations,Central,2274,5181,0.23745209,2258,3733,16,1448,NA
65,286,MidLevel,R&D,Central,3785,1239,0.14495398,2849,708,936,531,NA
66,287,MidLevel,Operations,South,1396,146,0.051690344,1396,100,0,46,NA
67,295,Junior,G&A,Central,5552,1080,0.47811908,3654,980,1898,100,NA
68,299,Junior,R&D,West,577,273,0.087963641,545,246,32,27,NA
69,309,Junior,Operations,Central,2091,2601,0.32808575,1891,2047,200,554,NA
70,310,Exec,Product Management,Central,2401,1203,0.34661061,1819,1042,582,161,NA
71,313,Junior,Operations,West,9951,1664,0.29861614,9551,1630,400,34,NA
72,314,Junior,Operations,West,8547,1849,0.28072011,7377,1838,1170,11,NA
73,317,MidLevel,G&A,Central,5137,1707,0.26385078,3657,1539,1480,168,NA
74,325,MidLevel,Operations,West,3018,1342,0.15860178,2652,1197,366,145,NA
75,328,Junior,Operations,West,7009,2811,0.31274232,6617,2781,392,30,NA
76,329,MidLevel,Operations,Central,14268,0,0.42637265,10800,0,3468,0,NA
77,341,Exec,Sales,Central,5499,1992,0.61452127,5499,1042,0,950,115.07752
78,344,Junior,Operations,West,1545,2050,0.083640218,1545,1416,0,634,NA
79,346,MidLevel,Operations,West,3205,1395,0.18318816,2703,984,502,411,NA
80,348,Junior,R&D,West,4907,0,0.19217275,2597,0,2310,0,NA
81,363,Junior,Operations,West,6047,1340,0.21733023,4431,896,1616,444,NA
82,364,Exec,Operations,Central,4018,3460,0.36888304,4018,2879,0,581,NA
83,366,Junior,G&A,Central,14846,3998,0.63534713,11928,3145,2918,853,NA
84,368,Junior,R&D,Central,947,1155,0.10511571,775,1023,172,132,NA
85,372,MidLevel,Product Management,Central,5156,1156,0.46896449,3864,998,1292,158,NA
86,373,MidLevel,Operations,West,4654,606,0.16501099,3254,542,1400,64,NA
87,374,Junior,Operations,West,8292,2389,0.29020163,7932,2383,360,6,NA
88,381,MidLevel,Product Management,Central,6190,6064,0.58371204,6190,4756,0,1308,NA
89,385,Junior,Operations,Central,1843,32,0.12245534,1593,30,250,2,NA
90,388,MidLevel,R&D,Central,6828,4419,0.29125509,4062,3552,2766,867,NA
91,391,Junior,Operations,West,2903,2013,0.26921731,2873,1770,30,243,NA
92,395,Junior,Operations,West,11113,805,0.33507746,7421,677,3692,128,NA
93,397,MidLevel,Operations,Central,5349,0,0.30854949,4413,0,936,0,NA
94,409,Junior,Operations,Central,7814,0,0.7177456,5016,0,2798,0,NA
95,411,Junior,R&D,Central,1741,2706,0.16823334,1439,2452,302,254,NA
96,417,MidLevel,G&A,Central,9856,1029,0.44904298,6666,815,3190,214,NA
97,419,MidLevel,Operations,West,6405,312,0.18619092,3801,306,2604,6,NA
98,435,Junior,Operations,West,2776,824,0.21822502,2682,659,94,165,NA
99,444,Junior,Operations,South,2078,160,0.057722304,1148,145,930,15,NA
100,448,Junior,G&A,Central,9961,1560,0.81727958,7563,1329,2398,231,NA
101,449,Junior,G&A,Central,4754,1440,0.56424314,3520,1249,1234,191,NA
102,454,Junior,Operations,Central,4353,585,0.21627067,2441,524,1912,61,NA
103,464,MidLevel,Operations,Central,4493,1187,0.42206651,4299,1093,194,94,NA
104,473,Exec,Product Management,Central,10024,1631,0.58480173,7860,1295,2164,336,NA
105,474,MidLevel,Product Management,Central,13064,0,0.60169607,10350,0,2714,0,NA
106,481,Junior,G&A,Central,6318,1976,0.54862374,5080,1643,1238,333,NA
107,483,Junior,G&A,West,3042,465,0.2476714,2260,406,782,59,NA
108,484,Exec,Operations,Central,8486,1846,0.37460032,5158,1639,3328,207,NA
109,487,MidLevel,Operations,South,1764,249,0.081228659,1764,208,0,41,NA
110,488,Exec,Operations,South,2021,39,0.092504226,2021,36,0,3,NA
111,489,Junior,Operations,South,2617,505,0.054545376,1641,464,976,41,NA
112,490,MidLevel,Operations,East,11286,0,0.41813394,9588,0,1698,0,NA
113,491,Junior,Operations,West,5996,43,0.24008171,5428,43,568,0,NA
114,495,MidLevel,Operations,West,2584,1106,0.16209839,2514,958,70,148,NA
115,496,Junior,G&A,West,2583,657,0.24991126,2415,601,168,56,NA
116,498,Junior,G&A,West,5942,151,0.25265735,4992,145,950,6,NA
117,505,MidLevel,Operations,Central,2838,584,0.25529203,2452,539,386,45,NA
118,515,MidLevel,Operations,Central,4694,1381,0.37605065,4162,1243,532,138,NA
119,518,Junior,G&A,Central,5620,3314,0.39305103,5104,2557,516,757,NA
120,519,Junior,Product Management,Central,14423,4879,0.47118086,11219,3552,3204,1327,NA
121,520,Junior,Operations,East,10787,0,0.29607296,5951,0,4836,0,NA
122,532,Exec,R&D,Central,15026,0,0.43731284,12626,0,2400,0,NA
123,533,MidLevel,Operations,Central,4817,5062,0.3354674,3795,3560,1022,1502,NA
124,536,Exec,Product Management,Central,5987,1873,0.33689675,4903,1551,1084,322,NA
125,537,Exec,Marketing,Central,18468,5095,0.63525784,10842,3835,7626,1260,NA
126,539,Exec,R&D,Central,4854,4968,0.36386105,4662,3708,192,1260,NA
127,551,Exec,R&D,Central,2334,6245,0.17429309,1792,4764,542,1481,NA
128,552,MidLevel,Sales,Central,10554,1992,0.47705716,6632,1266,3922,726,166.19467
129,555,MidLevel,R&D,Central,1135,4408,0.076103799,933,3446,202,962,NA
130,559,Junior,Operations,Central,9223,6173,0.57588774,7247,4821,1976,1352,NA
131,562,MidLevel,Operations,Central,4579,4632,0.37204504,4579,3668,0,964,NA
132,564,Exec,Product Management,Central,9803,0,0.61572987,6385,0,3418,0,NA
133,566,Exec,R&D,Central,9128,4779,0.46336037,7532,3837,1596,942,NA
134,567,MidLevel,Marketing,Central,4660,5863,0.32201421,3680,4201,980,1662,NA
135,568,Junior,G&A,Central,15577,5768,0.79350609,12063,4653,3514,1115,NA
136,571,Junior,Marketing,Central,3557,3024,0.21603379,1915,2317,1642,707,NA
137,572,MidLevel,R&D,East,5551,3248,0.35152495,3431,2179,2120,1069,NA
138,573,Junior,Marketing,Central,2432,4265,0.19470605,1860,3299,572,966,NA
139,599,MidLevel,R&D,Central,13367,0,0.46835294,11575,0,1792,0,NA
140,600,Exec,Product Management,Central,7084,2949,0.50209051,5034,2278,2050,671,NA
141,602,MidLevel,Operations,Central,6111,1459,0.18974657,3057,1284,3054,175,NA
142,603,MidLevel,Operations,Central,2919,1310,0.15665236,2889,1205,30,105,NA
143,606,Junior,Marketing,Central,3189,1102,0.17954499,2177,984,1012,118,NA
144,609,Junior,Marketing,Central,3337,2612,0.29399312,2793,2115,544,497,NA
145,610,MidLevel,R&D,Central,14057,0,0.32880685,9317,0,4740,0,NA
146,611,Junior,Marketing,Central,3714,704,0.18526964,2272,510,1442,194,NA
147,612,MidLevel,R&D,Central,5688,0,0.19349727,4340,0,1348,0,NA
148,617,Junior,HR,Central,1006,10,0.049585722,690,9,316,1,NA
149,620,Junior,HR,Central,2794,491,0.20032103,2114,435,680,56,NA
150,627,Junior,Marketing,Central,6559,2232,0.58803397,5865,1863,694,369,NA
151,628,MidLevel,G&A,Central,12966,0,0.87387109,10952,0,2014,0,NA
152,629,Exec,G&A,Central,16707,2510,0.63157248,13329,2164,3378,346,NA
153,636,Exec,Marketing,Central,12735,2565,0.48493591,10961,2156,1774,409,NA
154,639,MidLevel,R&D,Central,3930,4655,0.278851,3902,4027,28,628,NA
155,649,Junior,R&D,Central,6573,0,0.48915055,5037,0,1536,0,NA
156,654,Exec,Product Management,Central,3825,6398,0.4100647,3825,5073,0,1325,NA
157,663,Exec,Operations,Central,11373,1710,0.63071942,9911,1543,1462,167,NA
158,667,Junior,G&A,Central,3982,389,0.35340595,3176,330,806,59,NA
159,668,Junior,R&D,Central,13301,0,0.82317859,11237,0,2064,0,NA
160,669,Junior,HR,Central,12015,1213,0.8188709,6793,1040,5222,173,NA
161,680,Junior,Operations,Central,966,0,0.096941121,726,0,240,0,NA
162,681,Junior,Marketing,Central,2502,1915,0.29918668,2502,1671,0,244,NA
163,682,MidLevel,HR,Central,656,0,0.11873758,536,0,120,0,NA
164,683,Junior,G&A,Central,2802,1481,0.23519084,2546,1330,256,151,NA
165,684,Junior,Operations,Central,260,395,0.039492801,260,389,0,6,NA
166,687,Junior,Operations,Central,12281,0,0.82588381,10135,0,2146,0,NA
167,688,Junior,R&D,Central,678,695,0.14454414,600,627,78,68,NA
168,689,Exec,Marketing,Central,18182.3,0,0.73027998,8243,0,9939.3,0,NA
169,695,Junior,Operations,Central,4753,544,0.24261074,4083,504,670,40,NA
170,699,MidLevel,Operations,Central,18200.3,1723,0.97525324,12992,1556,5208.3,167,NA
171,702,Junior,R&D,Central,10616,1483,0.75060034,9198,1289,1418,194,NA
172,704,Junior,R&D,Central,1296,1414,0.10834134,1210,1292,86,122,NA
173,708,MidLevel,Marketing,Central,6794,2246,0.26032311,3900,1719,2894,527,NA
174,709,MidLevel,Marketing,Central,3090,2174,0.29210231,3090,1690,0,484,NA
175,711,Junior,Operations,Central,474,37,0.064989425,336,31,138,6,NA
176,715,Junior,G&A,Central,3298,640,0.19758743,2380,549,918,91,NA
177,719,MidLevel,Marketing,Central,7025,2134,0.41567567,5373,1824,1652,310,NA
178,721,Junior,G&A,Central,9871,1315,0.37298942,5305,1173,4566,142,NA
179,722,MidLevel,Sales,Central,13663,876,0.48332998,5805,764,7858,112,108.4791
180,723,Exec,G&A,Central,3572,1676,0.38855585,3536,1459,36,217,NA
181,724,MidLevel,G&A,Central,2866,3311,0.33752465,2866,2594,0,717,NA
182,726,MidLevel,Operations,Central,6327,1435,0.56053656,5777,1302,550,133,NA
183,731,Junior,G&A,Central,8070,1511,0.54335594,5604,1286,2466,225,NA
184,733,MidLevel,G&A,Central,5457,1175,0.34847936,4757,1064,700,111,NA
185,736,Junior,Operations,Central,2940,8,0.24573727,1270,8,1670,0,NA
186,739,MidLevel,G&A,Central,13232,1270,0.34001756,8234,1032,4998,238,NA
187,742,Junior,Product Management,Central,386,697,0.083183102,386,625,0,72,NA
188,750,Junior,Marketing,Central,12821,1696,0.29748425,10381,1478,2440,218,NA
189,752,Junior,Sales,Central,17687,856,0.82504529,11435,714,6252,142,162.06876
190,753,Junior,Marketing,Central,3011,1734,0.25392798,2845,1277,166,457,NA
191,754,Junior,Operations,Central,1461,0,0.1125266,985,0,476,0,NA
192,756,Junior,G&A,Central,14928,1905,0.36538085,9966,1672,4962,233,NA
193,759,Junior,Operations,Central,11718,513,0.37113869,4468,457,7250,56,NA
194,760,Junior,Operations,Central,8201,916,0.75338942,5421,844,2780,72,NA
195,761,Junior,Operations,Central,2051,1008,0.17339042,2051,908,0,100,NA
196,763,MidLevel,G&A,Central,2538,408,0.21564832,2372,380,166,28,NA
197,764,MidLevel,Marketing,Central,9474,2643,0.45797455,7166,2112,2308,531,NA
198,766,Exec,Marketing,Central,13901,1709,0.51107979,12235,1506,1666,203,NA
199,768,Junior,Operations,Central,4681,0,0.24394852,3721,0,960,0,NA
200,769,Junior,Operations,Central,1650,796,0.20067248,1172,753,478,43,NA
201,771,MidLevel,R&D,Central,6633,1431,0.51704395,4563,1280,2070,151,NA
202,773,Junior,Operations,Central,919,461,0.092561685,651,418,268,43,NA
203,775,MidLevel,Product Management,Central,1590,201,0.18772942,1184,173,406,28,NA
204,777,MidLevel,Marketing,Central,13050,1482,0.49492508,7014,1237,6036,245,NA
205,778,Junior,R&D,Central,1241,1287,0.21592289,1089,1171,152,116,NA
206,779,Junior,HR,Central,14376,2084,0.88225716,10806,1710,3570,374,NA
207,780,MidLevel,G&A,Central,5969,1147,0.24703686,3743,1044,2226,103,NA
208,781,Junior,Operations,Central,6664,734,0.53468549,4798,653,1866,81,NA
209,783,Junior,G&A,Central,5524,984,0.47081339,4000,882,1524,102,NA
210,785,Junior,Marketing,Central,5579,1728,0.14513148,4633,1484,946,244,NA
211,786,Exec,Sales,Central,15273,1104,0.54011315,11847,996,3426,108,180.58899
212,788,MidLevel,G&A,Central,2672,1419,0.2467894,2068,1249,604,170,NA
213,789,MidLevel,Marketing,Central,20251,1487,0.45155495,14583,1319,5668,168,NA
214,790,Junior,G&A,Central,1748,1171,0.18472865,1628,1047,120,124,NA
215,792,Junior,G&A,Central,2801,1316,0.13522331,2099,1195,702,121,NA
216,793,MidLevel,G&A,Central,3698,1686,0.28871757,3698,1461,0,225,NA
217,796,Junior,Marketing,Central,10534,1788,0.50305033,6758,1461,3776,327,NA
218,805,Junior,HR,Central,9509,1126,0.44532499,5365,917,4144,209,NA
219,807,Junior,Operations,Central,177,537,0.036858406,165,491,12,46,NA
220,812,MidLevel,Sales,Central,5430,1547,0.39381859,3836,1332,1594,215,178.3741
221,818,MidLevel,G&A,Central,6937,1721,0.5077067,5259,1529,1678,192,NA
222,819,Junior,Marketing,Central,2232,2863,0.16345626,1576,2169,656,694,NA
223,823,Junior,G&A,Central,2623,1170,0.21636951,2059,1049,564,121,NA
224,830,Exec,Product Management,Central,7658,1926,0.4175218,4988,1499,2670,427,NA
225,833,Exec,G&A,Central,4113,0,0.25399378,3613,0,500,0,NA
226,837,Junior,G&A,Central,884,1174,0.092518792,730,1068,154,106,NA
227,838,Exec,Product Management,Central,6426,5983,0.40245947,5068,4112,1358,1871,NA
228,842,MidLevel,Marketing,Central,16200,0,0.28335637,13946,0,2254,0,NA
229,843,Exec,HR,Central,3153,1421,0.60302776,3153,1181,0,240,NA
230,844,Junior,G&A,Central,16552,0,0.54903716,10744,0,5808,0,NA
231,845,MidLevel,G&A,Central,8874,0,0.2724238,7300,0,1574,0,NA
232,848,Junior,Operations,East,19227,0,0.46720347,14149,0,5078,0,NA
233,853,Junior,G&A,Central,18511,1907,0.90723711,14595,1642,3916,265,NA
234,859,Junior,Sales,Central,1977,1295,0.19246218,1859,1153,118,142,141.30133
235,860,Junior,G&A,Central,16067,1225,0.54908508,8567,1082,7500,143,NA
236,861,Junior,Operations,Central,629,0,0.067234799,401,0,228,0,NA
237,862,MidLevel,HR,Central,4773,1466,0.38795388,4367,1162,406,304,NA
238,863,MidLevel,Product Management,Central,4920,4420,0.32440889,4680,3710,240,710,NA
239,866,MidLevel,Marketing,Central,4100,299,0.23472446,2900,208,1200,91,NA
240,868,Junior,G&A,Central,2991,662,0.18502568,2185,594,806,68,NA
241,869,MidLevel,Marketing,Central,7189,890,0.40774307,4909,751,2280,139,NA
242,875,Exec,G&A,Central,15069,2506,0.70604241,11011,2171,4058,335,NA
243,877,Junior,Operations,Central,864,578,0.16389324,756,545,108,33,NA
244,882,MidLevel,Marketing,Central,14143,1750,0.37408864,9275,1482,4868,268,NA
245,885,Junior,Marketing,Central,2889,1128,0.33495077,2497,923,392,205,NA
246,887,Exec,Marketing,Central,3526,3520,0.33381441,3492,2802,34,718,NA
247,894,Exec,Sales,South,3549,812,0.24635164,3271,731,278,81,74.52092
248,900,Junior,Operations,Central,4384,700,0.21535033,2092,639,2292,61,NA
249,901,Junior,Operations,Central,945,0,0.046848472,885,0,60,0,NA
250,908,Junior,G&A,Central,4878,1158,0.26056173,3796,1045,1082,113,NA
251,910,MidLevel,Marketing,Central,11026,1563,0.46663469,5642,1295,5384,268,NA
252,911,Junior,Operations,Central,852,0,0.028168702,820,0,32,0,NA
253,912,Junior,G&A,Central,2601,1100,0.40445712,2601,961,0,139,NA
254,914,MidLevel,G&A,Central,21371,1372,0.50731838,10885,1002,10486,370,NA
255,916,MidLevel,G&A,Central,8088,0,0.39152968,5822,0,2266,0,NA
256,917,Junior,Operations,Central,1513,890,0.095391832,899,800,614,90,NA
257,920,Junior,Marketing,Central,3776,1057,0.1416097,3350,914,426,143,NA
258,921,Junior,G&A,Central,5186,693,0.20814735,4026,634,1160,59,NA
259,922,Junior,Marketing,Central,1787,1283,0.23593067,1699,1035,88,248,NA
260,923,Exec,Sales,Central,2351,864,0.25208142,2351,766,0,98,73.463219
261,924,MidLevel,Marketing,Central,19966,2634,0.41222438,9008,2031,10958,603,NA
262,925,Exec,Sales,Central,9495,1992,0.61015612,8009,997,1486,995,125.92216
263,926,Junior,Marketing,Central,8123,1201,0.50763786,5781,968,2342,233,NA
264,928,Junior,G&A,Central,8012,443,0.21701214,4946,390,3066,53,NA
265,931,MidLevel,R&D,Central,8964,1438,0.28495803,6572,1291,2392,147,NA
266,933,Junior,Product Management,Central,42,0,0.00359158,22,0,20,0,NA
267,936,Junior,Sales,West,10837,449,0.37149572,5637,400,5200,49,59.3167
268,937,MidLevel,G&A,Central,14632,0,0.67275661,9852,0,4780,0,NA
269,947,Junior,G&A,Central,2657,0,0.3714526,2031,0,626,0,NA
270,949,Junior,R&D,Central,231,924,0.034692232,193,835,38,89,NA
271,951,Junior,Operations,Central,8331,887,0.25661787,6965,798,1366,89,NA
272,958,Junior,HR,Central,5712,867,0.28178355,3970,752,1742,115,NA
273,961,Junior,G&A,Central,1107,145,0.097913854,969,131,138,14,NA
274,964,MidLevel,G&A,Central,6762,2335,0.49987382,5620,2032,1142,303,NA
275,966,Junior,G&A,Central,1808,0,0.39579338,1584,0,224,0,NA
276,968,Junior,Marketing,Central,10103,1897,0.25927249,6907,1486,3196,411,NA
277,972,Junior,G&A,Central,2492,1137,0.21631618,2052,1009,440,128,NA
278,975,Exec,G&A,Central,2345,1929,0.31362307,2257,1695,88,234,NA
279,979,MidLevel,R&D,Central,3787,0,0.18141243,2311,0,1476,0,NA
280,982,MidLevel,G&A,Central,12041,110,0.98038331,8521,91,3520,19,NA
281,983,Junior,G&A,Central,10046,1281,0.38583612,7240,1139,2806,142,NA
282,986,MidLevel,Operations,Central,11145,539,0.46797562,9287,488,1858,51,NA
283,988,Exec,G&A,Central,6939,1149,0.49343866,4579,992,2360,157,NA
284,989,Junior,Operations,Central,895,0,0.074548021,685,0,210,0,NA
285,997,MidLevel,R&D,Central,4752,2300,0.22717574,3490,1957,1262,343,NA
286,998,MidLevel,G&A,Central,3418,1056,0.32678586,2796,943,622,113,NA
287,999,MidLevel,G&A,Central,9340,907,0.41847023,6022,813,3318,94,NA
288,1002,Exec,Marketing,Central,6680,0,0.44932663,5706,0,974,0,NA
289,1003,MidLevel,Sales,Central,7588,1274,0.50503421,4960,1113,2628,161,143.42606
290,1007,Junior,G&A,Central,5165,315,0.21774337,3645,286,1520,29,NA
291,1010,Exec,R&D,Central,2715,985,0.23209843,2093,875,622,110,NA
292,1011,Exec,G&A,Central,10526,2394,0.53769904,7064,2138,3462,256,NA
293,1012,Junior,Sales,South,2877,107,0.17391013,2427,83,450,24,120.83314
294,1015,MidLevel,G&A,Central,4568,979,0.34671652,3142,874,1426,105,NA
295,1017,Junior,Operations,Central,218,0,0.027864402,210,0,8,0,NA
296,1022,MidLevel,R&D,Central,4335,1555,0.19688907,3463,1426,872,129,NA
297,1023,Junior,Sales,South,5788,113,0.13778505,2866,89,2922,24,77.753113
298,1026,Junior,G&A,Central,3562,125,0.16077389,1640,104,1922,21,NA
299,1028,Junior,Sales,South,5495,71,0.17129287,3815,56,1680,15,132.40446
300,1029,Junior,Operations,Central,3446,0,0.15327896,2484,0,962,0,NA
301,1032,MidLevel,G&A,Central,6371,1966,0.42017734,5961,1722,410,244,NA
302,1035,MidLevel,HR,Central,2823,1034,0.24744652,1835,878,988,156,NA
303,1036,Junior,G&A,Central,6465,999,0.40053156,5157,887,1308,112,NA
304,1039,Junior,G&A,Central,7785,1315,0.61227101,6165,1161,1620,154,NA
305,1042,Junior,G&A,Central,1167,962,0.19947417,989,862,178,100,NA
306,1043,Junior,G&A,Central,1594,0,0.17992058,1280,0,314,0,NA
307,1044,Junior,R&D,Central,3217,0,0.27969211,2261,0,956,0,NA
308,1047,Exec,G&A,Central,3997,1342,0.31305626,3995,1196,2,146,NA
309,1049,Junior,G&A,Central,2138,191,0.28998867,1728,164,410,27,NA
310,1050,Junior,HR,Central,10604,1484,0.50547385,7662,1228,2942,256,NA
311,1051,MidLevel,HR,Central,13865,1720,0.52139258,8533,1431,5332,289,NA
312,1052,Exec,Marketing,Central,6678,0,0.32130247,4248,0,2430,0,NA
313,1053,Junior,R&D,Central,896,702,0.11760521,808,641,88,61,NA
314,1054,MidLevel,Marketing,Central,12956,2053,0.47055033,8540,1780,4416,273,NA
315,1055,MidLevel,Product Management,Central,9296,0,0.34657443,6138,0,3158,0,NA
316,1058,Exec,Marketing,Central,4608,0,0.30901259,4308,0,300,0,NA
317,1059,Exec,Marketing,Central,10848,1269,0.41454113,6958,1065,3890,204,NA
318,1064,MidLevel,G&A,Central,4159,1513,0.30107298,3827,1367,332,146,NA
319,1071,Junior,Operations,West,12403.3,5035,0.58497369,6843,4205,5560.3,830,NA
320,1081,MidLevel,Marketing,South,7824,335,0.31502032,5820,265,2004,70,NA
321,1115,Junior,Operations,South,14576,113,0.13338679,5508,110,9068,3,NA
322,1116,MidLevel,Marketing,East,7477,0,0.37553495,5325,0,2152,0,NA
323,1127,Junior,Operations,East,5276,0,0.22243205,4634,0,642,0,NA
324,1151,Junior,Operations,West,4004,975,0.19801167,3606,898,398,77,NA
325,1152,Junior,G&A,East,3199,0,0.20718944,2241,0,958,0,NA
326,1160,Junior,R&D,South,1086,65,0.059583299,696,13,390,52,NA
327,1163,Junior,Marketing,East,4687,0,0.24642578,2707,0,1980,0,NA
328,1167,Junior,Operations,South,706,0,0.090713285,702,0,4,0,NA
329,1168,Junior,G&A,East,3858,0,0.28256795,3400,0,458,0,NA
330,1169,Junior,G&A,Central,1624,0,0.10104945,1042,0,582,0,NA
331,1171,Junior,Operations,South,498,20,0.044925801,498,16,0,4,NA
332,1174,Junior,Operations,West,2134,101,0.075542979,1786,94,348,7,NA
333,1175,Junior,Operations,West,3180,7,0.20257887,2222,7,958,0,NA
334,1177,Junior,Operations,West,2973,588,0.21477883,1947,550,1026,38,NA
335,1178,Junior,G&A,East,6319,0,0.32567999,5321,0,998,0,NA
336,1179,Junior,Sales,East,8170,213,0.22365642,4572,183,3598,30,157.73035
337,1180,Junior,Operations,West,1766,813,0.19694023,1356,446,410,367,NA
338,1181,Junior,HR,South,4060,78,0.15366888,2728,61,1332,17,NA
339,1182,Junior,Sales,East,7947,95,0.23985887,5741,86,2206,9,67.319794
340,1183,Junior,Marketing,South,1842,100,0.10589226,1438,95,404,5,NA
341,1184,Junior,Operations,South,196,0,0.028525744,194,0,2,0,NA
342,1193,Junior,Marketing,Central,12767,0,0.30170754,7299,0,5468,0,NA
343,1234,MidLevel,Marketing,Central,6977,206,0.20279346,5745,169,1232,37,NA
344,1246,Junior,Marketing,Central,8400,0,0.36710605,5568,0,2832,0,NA
345,1254,MidLevel,Marketing,Central,3719,17,0.16890974,2155,11,1564,6,NA
346,1272,Junior,Operations,South,2122,44,0.14347923,1762,34,360,10,NA
347,1285,Junior,Operations,West,16555,765,0.36735931,5679,652,10876,113,NA
348,1291,Junior,Operations,South,884,64,0.056706727,790,54,94,10,NA
349,1311,MidLevel,Operations,West,4298,1598,0.20754056,3404,1477,894,121,NA
350,1313,Junior,HR,South,1091,16,0.06911578,1065,11,26,5,NA
351,1314,MidLevel,Operations,South,4485,502,0.13171998,2525,315,1960,187,NA
352,1315,Junior,Operations,South,4933,213,0.050271783,2493,198,2440,15,NA
353,1317,Junior,Operations,South,601,0,0.007237426,511,0,90,0,NA
354,1326,Junior,Operations,West,13407.3,4115,0.48903251,7619,3458,5788.3,657,NA
355,1328,Junior,Operations,South,773,105,0.01282909,449,97,324,8,NA
356,1354,Junior,R&D,West,2805,230,0.21137451,2021,192,784,38,NA
357,1357,MidLevel,Operations,West,2716,1669,0.10790308,2166,1004,550,665,NA
358,1358,Junior,R&D,West,1872,0,0.2500838,1862,0,10,0,NA
359,1362,MidLevel,G&A,West,6672,162,0.40405294,5100,136,1572,26,NA
360,1378,Junior,G&A,West,7762,265,0.31298092,4952,194,2810,71,NA
361,1384,Junior,G&A,West,10207,312,0.34637281,7997,243,2210,69,NA
362,1389,Junior,Operations,West,10315,83,0.16652808,4395,63,5920,20,NA
363,1398,MidLevel,G&A,West,7147,1192,0.39481547,6369,1002,778,190,NA
364,1400,Junior,Operations,West,1192,0,0.12795237,874,0,318,0,NA
365,1404,Exec,G&A,West,2834,1150,0.22441454,2582,1027,252,123,NA
366,1407,Junior,R&D,West,5347,0,0.11190782,2813,0,2534,0,NA
367,1409,Junior,G&A,West,8107,0,0.39262819,5669,0,2438,0,NA
368,1425,Junior,Operations,West,7639,1622,0.21334991,4173,1160,3466,462,NA
369,1426,Junior,R&D,West,2173,573,0.10274866,1585,405,588,168,NA
370,1427,Junior,Operations,West,1254,1791,0.083385549,1254,1231,0,560,NA
371,1432,Junior,Operations,West,899,35,0.037537728,829,29,70,6,NA
372,1435,Junior,R&D,West,418,0,0.031067427,382,0,36,0,NA
373,1440,Junior,R&D,West,4576,0,0.10292679,2624,0,1952,0,NA
374,1442,MidLevel,R&D,West,2226,2243,0.17928258,1686,1255,540,988,NA
375,1446,Junior,R&D,West,1715,1481,0.11133015,1687,874,28,607,NA
376,1450,Junior,Operations,West,6632,79,0.099532127,6268,79,364,0,NA
377,1451,Junior,G&A,West,3536,26,0.17156748,2844,25,692,1,NA
378,1452,Junior,G&A,West,4875,285,0.26647297,3399,261,1476,24,NA
379,1453,MidLevel,G&A,West,5714,1066,0.42249009,4706,922,1008,144,NA
380,1454,Junior,Operations,West,750,0,0.025471183,714,0,36,0,NA
381,1455,Junior,Operations,West,925,246,0.034713313,579,207,346,39,NA
382,1459,Junior,Operations,West,1992,390,0.053768467,1266,342,726,48,NA
383,1460,MidLevel,G&A,West,4280,263,0.20626073,2816,234,1464,29,NA
384,1461,Junior,G&A,West,2860,135,0.24157776,1948,123,912,12,NA
385,1465,Junior,Operations,West,1849,650,0.23325929,1771,499,78,151,NA
386,1467,Junior,Operations,West,17189,636,0.8231824,13005,485,4184,151,NA
387,1472,MidLevel,G&A,West,2692,0,0.21343635,2132,0,560,0,NA
388,1474,MidLevel,Operations,West,3919,646,0.1969438,2695,565,1224,81,NA
389,1475,MidLevel,Operations,West,3638,1090,0.2365866,3638,998,0,92,NA
390,1476,MidLevel,Operations,West,8584,1377,0.32782033,8024,1270,560,107,NA
391,1477,Junior,Operations,West,5513,745,0.1164891,4879,680,634,65,NA
392,1479,Junior,Operations,West,4964,241,0.2946074,3300,225,1664,16,NA
393,1498,MidLevel,Operations,West,2561,0,0.12321857,1855,0,706,0,NA
394,1500,MidLevel,Operations,West,2897,553,0.29402977,2883,501,14,52,NA
395,1501,MidLevel,Operations,West,5848,1727,0.15667926,4930,1257,918,470,NA
396,1502,MidLevel,G&A,West,3083,404,0.20183346,2703,328,380,76,NA
397,1509,Junior,Operations,South,2261,479,0.073316954,1855,302,406,177,NA
398,1513,Junior,G&A,West,5652,770,0.39599913,4000,705,1652,65,NA
399,1514,Junior,Operations,West,11801,1421,0.2690531,5317,1250,6484,171,NA
400,1515,Junior,Operations,West,11517,514,0.29147148,5199,434,6318,80,NA
401,1524,Junior,Operations,West,6760,0,0.28662622,4748,0,2012,0,NA
402,1548,Junior,Operations,South,9018,938,0.14702883,4818,636,4200,302,NA
403,1560,Junior,Operations,East,3101,0,0.16671866,3089,0,12,0,NA
404,1563,Junior,G&A,West,2154,322,0.21263276,1826,244,328,78,NA
405,1564,MidLevel,Operations,West,3314,0,0.17704765,3312,0,2,0,NA
406,1572,Junior,Sales,South,4403,87,0.14376748,2327,57,2076,30,119.61892
407,1589,Junior,Operations,West,1539,28,0.066741973,1011,27,528,1,NA
408,1600,MidLevel,Operations,South,10387,362,0.10799856,6449,263,3938,99,NA
409,1604,Junior,Operations,East,15586,0,0.23671518,6688,0,8898,0,NA
410,1605,Junior,Operations,East,6492,0,0.23707631,4338,0,2154,0,NA
411,1610,MidLevel,Operations,West,2583,1713,0.16170679,2431,1695,152,18,NA
412,1611,MidLevel,Operations,West,2517,2453,0.17996787,2165,2382,352,71,NA
413,1612,MidLevel,Operations,West,1703,0,0.11275607,1651,0,52,0,NA
414,1613,MidLevel,Operations,West,1560,0,0.10362924,1556,0,4,0,NA
415,1614,MidLevel,Operations,West,3711,2184,0.19237654,3521,2183,190,1,NA
416,1616,MidLevel,Operations,West,2993,1351,0.13747522,2613,1215,380,136,NA
417,1622,MidLevel,Operations,West,3554,1803,0.13749009,2882,1597,672,206,NA
418,1623,MidLevel,Operations,West,3394,1354,0.11425914,3032,1209,362,145,NA
419,1625,MidLevel,Operations,West,15577,1201,0.33667895,11803,1081,3774,120,NA
420,1627,Junior,G&A,West,6188,439,0.22443752,4122,397,2066,42,NA
421,1628,Junior,G&A,West,1235,543,0.11411239,1225,518,10,25,NA
422,1630,MidLevel,Operations,West,2983,0,0.15780397,2833,0,150,0,NA
423,1643,Junior,R&D,South,3621,595,0.065614924,2289,482,1332,113,NA
424,1649,Junior,R&D,South,1490,0,0.070267253,1066,0,424,0,NA
425,1659,MidLevel,Operations,South,3524,198,0.15617631,2158,172,1366,26,NA
426,1681,Junior,G&A,West,6695,724,0.28468937,4915,677,1780,47,NA
427,1683,Junior,G&A,West,3572,233,0.15813096,3090,227,482,6,NA
428,1684,Junior,G&A,West,3023,171,0.20026997,2755,158,268,13,NA
429,1685,MidLevel,G&A,West,2419,731,0.1441599,2417,672,2,59,NA
430,1686,Junior,G&A,West,5440,891,0.17695044,4278,820,1162,71,NA
431,1687,Junior,G&A,West,326,9,0.070479617,326,8,0,1,NA
432,1688,Junior,G&A,West,4441,142,0.31360379,3809,138,632,4,NA
433,1689,Junior,G&A,West,2549,276,0.19300959,1845,258,704,18,NA
434,1699,Junior,G&A,West,1536,0,0.17117301,1450,0,86,0,NA
435,1710,Junior,G&A,West,1078,154,0.11940827,934,96,144,58,NA
436,1718,Junior,G&A,West,1123,325,0.14319827,1123,290,0,35,NA
437,1720,Junior,Operations,West,5491,76,0.30053154,5153,76,338,0,NA
438,1723,Junior,G&A,West,4846,28,0.35606542,4072,24,774,4,NA
439,1759,MidLevel,Operations,West,13237,0,0.28028652,12183,0,1054,0,NA
440,1763,Junior,G&A,West,6029,28,0.25818098,4145,28,1884,0,NA
441,1792,MidLevel,G&A,East,2449,0,0.13835593,2109,0,340,0,NA
442,1800,Junior,Operations,East,9713,0,0.25838968,2477,0,7236,0,NA
443,1803,Junior,G&A,West,7927,86,0.32035726,5879,84,2048,2,NA
444,1804,Junior,Operations,West,2105,426,0.086119682,1733,403,372,23,NA
445,1812,Junior,Operations,West,1937,0,0.11670271,1733,0,204,0,NA
446,1813,Junior,Operations,West,3807,172,0.037675418,3413,162,394,10,NA
447,1814,Junior,G&A,West,924,11,0.038053587,820,11,104,0,NA
448,1815,Junior,G&A,East,1243,0,0.064688005,787,0,456,0,NA
449,1817,MidLevel,Operations,West,2938,328,0.13843694,2122,305,816,23,NA
450,1818,Junior,Operations,West,514,348,0.03966837,496,324,18,24,NA
451,1976,Junior,G&A,East,7125,0,0.29292059,5317,0,1808,0,NA
452,1992,MidLevel,Marketing,East,11887,0,0.30010805,7819,0,4068,0,NA
453,2010,MidLevel,G&A,East,5118,0,0.33944169,3882,0,1236,0,NA
454,2017,Junior,G&A,East,1068,0,0.09010718,820,0,248,0,NA
455,2076,MidLevel,G&A,East,10341,0,0.38134375,9067,0,1274,0,NA
456,2077,MidLevel,G&A,East,7350,0,0.36517757,5880,0,1470,0,NA
457,2079,Junior,Sales,East,2336,202,0.16533242,1330,193,1006,9,84.830757
458,2168,MidLevel,Operations,East,4540,2014,0.40679848,3808,1594,732,420,NA
459,2198,Junior,Sales,East,1564,429,0.1201423,1296,399,268,30,156.3708
460,2204,MidLevel,Operations,East,18812,0,0.31120992,12204,0,6608,0,NA
461,2205,Junior,Operations,East,1956,0,0.10562685,1310,0,646,0,NA
462,2207,Junior,Sales,East,760,288,0.029102221,460,246,300,42,28.230518
463,2216,Junior,Operations,East,2582,0,0.2129806,1868,0,714,0,NA
464,2219,Junior,Operations,East,8748,0,0.25520658,6766,0,1982,0,NA
465,2224,Junior,G&A,East,1130,0,0.074431762,1004,0,126,0,NA
466,2232,Junior,Operations,East,11058,0,0.28374851,6474,0,4584,0,NA
467,2233,MidLevel,G&A,East,6041,0,0.4454419,5055,0,986,0,NA
468,2235,Junior,G&A,East,3576,0,0.21408615,2916,0,660,0,NA
469,2244,Junior,G&A,East,4731,0,0.27604821,3657,0,1074,0,NA
470,2253,Junior,G&A,East,2633,0,0.17989366,2329,0,304,0,NA
471,2292,Exec,Sales,South,8567,138,0.33731475,6059,129,2508,9,158.22342
472,2308,Junior,G&A,East,3479,0,0.16434383,2625,0,854,0,NA
473,2309,Junior,Operations,East,3141,0,0.21448535,2643,0,498,0,NA
474,2336,Junior,Sales,East,5625,313,0.10833041,3203,283,2422,30,128.80426
475,2348,Junior,G&A,Central,1482,0,0.10019743,1350,0,132,0,NA
476,2349,Exec,Operations,South,4475,110,0.28191376,4055,87,420,23,NA
477,2350,MidLevel,G&A,Central,10897,184,0.2444973,4355,165,6542,19,NA
478,2355,MidLevel,Operations,West,2422,24,0.090579607,2320,24,102,0,NA
479,2356,MidLevel,Operations,West,3110,0,0.15814887,2728,0,382,0,NA
480,2357,MidLevel,Operations,West,6365,37,0.20195314,5285,18,1080,19,NA
481,2358,MidLevel,Operations,West,1875,25,0.067820452,1623,25,252,0,NA
482,2359,MidLevel,Operations,West,1941,0,0.12399699,1839,0,102,0,NA
483,2361,Junior,Operations,West,598,0,0.021734932,580,0,18,0,NA
484,2362,MidLevel,Operations,West,4724,41,0.27230775,4724,22,0,19,NA
485,2363,Junior,Operations,West,3628,27,0.11802368,1972,27,1656,0,NA
486,2365,MidLevel,Operations,West,1472,0,0.046372354,1344,0,128,0,NA
487,2369,MidLevel,Operations,West,5079,0,0.13109966,3385,0,1694,0,NA
488,2370,Junior,Operations,West,2463,0,0.1530426,2449,0,14,0,NA
489,2371,Junior,Operations,South,2182,32,0.13928369,1770,32,412,0,NA
490,2372,Junior,Operations,West,237,0,0.016430778,235,0,2,0,NA
491,2373,Junior,Operations,West,6804,0,0.12173908,6372,0,432,0,NA
492,2380,Junior,G&A,West,533,0,0.046540897,531,0,2,0,NA
493,2381,MidLevel,Operations,West,2774,0,0.10110641,2446,0,328,0,NA
494,2383,MidLevel,Operations,West,13122,63,0.22171436,12000,61,1122,2,NA
495,2384,MidLevel,Operations,West,4172,0,0.087574899,4114,0,58,0,NA
496,2385,Junior,Operations,West,3532,181,0.096836694,2622,179,910,2,NA
497,2388,Junior,Operations,West,2267,0,0.035475954,1891,0,376,0,NA
498,2399,Junior,Operations,West,5043,240,0.041495074,4419,240,624,0,NA
499,2400,Junior,Operations,West,3472,146,0.026159812,3084,136,388,10,NA
500,2401,Junior,Operations,West,1548,0,0.06922698,1486,0,62,0,NA
501,2402,Junior,Operations,West,3156,0,0.022819128,2858,0,298,0,NA
502,2403,Junior,Operations,West,17362.3,396,0.089284286,9701.3,374,7661,22,NA
503,2404,Junior,Operations,West,2670,0,0.028281806,2482,0,188,0,NA
504,2405,Junior,Operations,West,3405,0,0.068220742,2773,0,632,0,NA
505,2406,MidLevel,Operations,West,7720,954,0.26958749,7418,887,302,67,NA
506,2407,Junior,Operations,West,3094,220,0.048244838,2882,220,212,0,NA
507,2408,Junior,Operations,West,2016,0,0.040627435,1848,0,168,0,NA
508,2409,Junior,Operations,West,2888,0,0.024736444,2638,0,250,0,NA
509,2410,Junior,Operations,West,2459,197,0.033578467,2251,197,208,0,NA
510,2411,Junior,Operations,West,1943,2,0.035436835,1831,2,112,0,NA
511,2412,Junior,Operations,West,4887,180,0.064624555,4287,178,600,2,NA
512,2414,Junior,Operations,West,2575,202,0.015546661,2381,192,194,10,NA
513,2415,Junior,Operations,West,1801,213,0.064257719,1783,203,18,10,NA
514,2417,Junior,Operations,West,3771,0,0.039928775,3467,0,304,0,NA
515,2418,Junior,Operations,West,1110,131,0.021655876,1084,131,26,0,NA
516,2419,Junior,Operations,West,3133,141,0.030083962,2843,131,290,10,NA
517,2420,Junior,Operations,West,4044,241,0.034441691,3772,231,272,10,NA
518,2421,Junior,Operations,West,3146,400,0.091722153,2892,386,254,14,NA
519,2422,Junior,Operations,West,1597,0,0.022502588,1541,0,56,0,NA
520,2423,Junior,Operations,West,2863,178,0.02630773,2643,178,220,0,NA
521,2424,Junior,Operations,West,2594,191,0.033635337,2492,191,102,0,NA
522,2425,Junior,Operations,West,2140,0,0.01560167,2028,0,112,0,NA
523,2426,Junior,Operations,West,1330,19,0.035531022,1136,12,194,7,NA
524,2427,Junior,Operations,West,17177.3,0,0.077056721,4459.3,0,12718,0,NA
525,2428,Junior,Operations,West,1576,142,0.014828802,1524,142,52,0,NA
526,2429,Junior,Operations,West,4064,307,0.075738281,3420,291,644,16,NA
527,2430,Junior,Operations,West,5703,0,0.090964869,3291,0,2412,0,NA
528,2432,Junior,Operations,West,2471,82,0.092936449,2005,82,466,0,NA
529,2433,Junior,Operations,West,2792,19,0.07936883,2320,19,472,0,NA
530,2434,Junior,Operations,West,4505,10,0.14046121,2239,10,2266,0,NA
531,2653,MidLevel,Operations,South,2549,142,0.19200061,2549,140,0,2,NA
532,2654,MidLevel,Operations,South,7141,19,0.11399233,2505,19,4636,0,NA
533,2657,Junior,Operations,West,3483,135,0.086708844,2563,86,920,49,NA
534,2724,Junior,Operations,West,5855,87,0.093142428,3815,87,2040,0,NA
535,2780,Junior,Operations,West,988,0,0.014722554,962,0,26,0,NA
536,2781,Junior,Operations,West,557,0,0.00439554,541,0,16,0,NA
537,2783,Junior,Operations,West,558,0,0.005285166,546,0,12,0,NA
538,2785,Junior,Operations,West,627,0,0.005549768,609,0,18,0,NA
539,2786,Junior,Operations,West,955,4,0.007418833,865,4,90,0,NA
540,3120,Junior,Operations,West,779,33,0.051914599,779,30,0,3,NA
541,3121,Junior,Operations,West,918,59,0.035941403,888,59,30,0,NA
542,3173,Junior,Operations,South,5309,113,0.11903836,3001,111,2308,2,NA
543,3243,Junior,Operations,Central,3466,0,0.15888384,3190,0,276,0,NA
544,3244,Junior,Sales,Central,3026,220,0.11374579,1916,201,1110,19,43.495632
545,3246,Junior,Operations,West,1937,0,0.067572318,1533,0,404,0,NA
546,3247,Junior,Operations,Central,2578,1,0.12056029,2278,1,300,0,NA
547,3248,Junior,Operations,West,1713,0,0.032411482,965,0,748,0,NA
548,3249,Junior,Operations,Central,1063,0,0.07155975,989,0,74,0,NA
549,3252,MidLevel,G&A,West,3068,207,0.165929,2316,154,752,53,NA
550,3254,Junior,Operations,West,2200,2133,0.12260415,2136,2014,64,119,NA
551,3262,Junior,Operations,West,2449,0,0.043158699,875,0,1574,0,NA
552,3267,Junior,Operations,West,4706,1137,0.22642897,4282,1113,424,24,NA
553,3268,Junior,Sales,South,4250,53,0.20912705,2882,52,1368,1,115.06937
554,3275,Junior,Operations,West,4516,78,0.072359249,2098,69,2418,9,NA
555,3277,Junior,Operations,Central,8992,990,0.179892,6760,710,2232,280,NA
556,3285,Junior,Operations,West,11124,197,0.10508402,10580,196,544,1,NA
557,3286,Junior,Operations,West,3463,0,0.080612421,3245,0,218,0,NA
558,3287,Junior,Operations,West,5503,0,0.11721244,4963,0,540,0,NA
559,3300,Junior,Operations,West,4616,65,0.23590347,2686,65,1930,0,NA
560,3301,Junior,Sales,Central,3248,64,0.091319226,2462,55,786,9,100.22358
561,3302,Junior,Operations,West,16570,0,0.16033955,14632,0,1938,0,NA
562,3309,Junior,Operations,West,3260,62,0.078867555,3208,52,52,10,NA
563,3312,Junior,Operations,West,1989,16,0.05122504,1749,16,240,0,NA
564,3315,MidLevel,Operations,West,7200,4,0.15283751,6624,4,576,0,NA
565,3329,Junior,Sales,Central,3441,103,0.13226566,2563,83,878,20,88.34021
566,3333,Junior,Operations,East,3868,0,0.17506504,3446,0,422,0,NA
567,3334,Junior,Operations,West,1120,117,0.065783314,1102,117,18,0,NA
568,3338,Exec,Operations,South,2452,57,0.16005671,1958,53,494,4,NA
569,3346,Junior,R&D,Central,1565,520,0.099969797,1325,416,240,104,NA
570,3348,Junior,Sales,Central,3261,419,0.087571323,2115,402,1146,17,141.69405
571,3354,Junior,Operations,South,5586,1,0.051868889,1202,1,4384,0,NA
572,3362,Junior,Operations,West,2583,0,0.059305958,2237,0,346,0,NA
573,3373,MidLevel,Operations,West,1451,72,0.048562407,1435,68,16,4,NA
574,3435,MidLevel,Operations,West,1249,1695,0.14477536,1249,1654,0,41,NA
575,3454,MidLevel,R&D,East,630,3,0.034313947,528,0,102,3,NA
576,3463,Junior,Operations,West,628,0,0.035528291,622,0,6,0,NA
577,3464,Junior,Operations,West,1286,0,0.049685724,1168,0,118,0,NA
578,3466,Junior,Operations,Central,1321,0,0.037249234,817,0,504,0,NA
579,3467,Junior,Operations,Central,2168,216,0.048288099,1352,43,816,173,NA
580,3714,Junior,G&A,East,972,0,0.12808366,824,0,148,0,NA
581,3935,Junior,Operations,East,1213,0,0.061018724,853,0,360,0,NA
582,3938,Junior,Operations,East,1708,0,0.096976079,1600,0,108,0,NA
583,3997,MidLevel,G&A,East,18448.3,0,0.6653834,14609,0,3839.3,0,NA
584,3999,Junior,G&A,East,4798,0,0.26466575,3934,0,864,0,NA
585,4000,Junior,G&A,East,2886,0,0.16981398,2328,0,558,0,NA
586,4003,Junior,G&A,East,1480,0,0.13377237,1072,0,408,0,NA
587,4005,Junior,G&A,East,7705,0,0.26920533,4649,0,3056,0,NA
588,4026,Junior,G&A,East,1461,0,0.14433935,1401,0,60,0,NA
589,4035,Junior,Operations,East,3975,0,0.13041517,2801,0,1174,0,NA
590,4041,Junior,Operations,East,5253,0,0.1850576,3813,0,1440,0,NA
591,4337,Junior,Operations,South,420,0,0.025889641,360,0,60,0,NA
592,4402,Junior,Operations,South,1893,0,0.098741978,1607,0,286,0,NA
593,4443,MidLevel,Marketing,Central,1638,814,0.062231787,1340,423,298,391,NA
594,4449,MidLevel,Sales,Central,4017,810,0.12626213,2625,465,1392,345,118.68093
595,4667,Junior,Operations,South,1983,0,0.087288871,1489,0,494,0,NA
596,4909,Junior,G&A,East,1833,0,0.25393865,1357,0,476,0,NA
597,5125,Junior,Operations,West,1094,44,0.044791639,756,44,338,0,NA
598,5129,Junior,Operations,West,3204,0,0.083209828,1558,0,1646,0,NA
599,5745,Junior,G&A,West,324,0,0.043858215,286,0,38,0,NA
600,6121,Junior,Operations,West,369,0,0.018812742,323,0,46,0,NA
601,6348,Exec,Operations,Central,7116,0,0.36313927,6514,0,602,0,NA
602,6351,Junior,G&A,West,3948,2227,0.3159669,2892,1782,1056,445,NA
603,6353,MidLevel,Operations,West,7106,0,0.29628417,7008,0,98,0,NA
604,6407,MidLevel,Operations,West,1651,0,0.11679467,1155,0,496,0,NA
605,6482,Junior,G&A,West,1241,5,0.068660863,843,5,398,0,NA
606,9124,Junior,Operations,West,783,77,0.040725462,443,60,340,17,NA
607,10747,Junior,R&D,Central,1510,297,0.016543834,584,235,926,62,NA
608,10749,Junior,Sales,East,1065,203,0.009316754,487,179,578,24,35.441265
609,11614,MidLevel,R&D,Central,5110,796,0.086927593,2008,585,3102,211,NA
610,11664,MidLevel,Operations,South,2840,0,0.090289392,1970,0,870,0,NA
611,11675,Junior,Operations,South,1613,0,0.020156844,1439,0,174,0,NA
612,11676,Junior,Operations,South,1827,2,0.07292968,1295,1,532,1,NA
613,12149,Junior,Operations,East,3408,0,0.10067126,2198,0,1210,0,NA
614,12333,Junior,Operations,West,682,20,0.032898873,664,10,18,10,NA
615,12342,Junior,Operations,West,1797,16,0.054732837,1457,13,340,3,NA
616,12350,Junior,Operations,West,147,0,0.0148501,139,0,8,0,NA
617,12378,Junior,Operations,West,1220,0,0.032181699,1168,0,52,0,NA
618,12459,Exec,Sales,South,1718,121,0.18201399,1636,108,82,13,86.689087
619,12679,Junior,G&A,East,2711,0,0.22728933,2323,0,388,0,NA
620,13135,Junior,Operations,West,785,6,0.024127854,759,5,26,1,NA
621,13138,Junior,Operations,West,571,1,0.045816839,495,1,76,0,NA
622,13225,Junior,Marketing,South,2823,116,0.097873516,1689,108,1134,8,NA
623,13378,Junior,Operations,South,3790,0,0.034108624,2068,0,1722,0,NA
624,13465,Junior,Sales,South,5368,98,0.15918553,2938,56,2430,42,190.54517
625,13483,Junior,Operations,West,741,0,0.047004383,683,0,58,0,NA
626,13484,Junior,Operations,South,5561,0,0.1278002,3217,0,2344,0,NA
627,13513,Junior,Sales,Central,3427,219,0.10246984,1677,203,1750,16,153.61887
628,13523,Junior,Sales,Central,1646,265,0.08357577,1148,253,498,12,102.08229
629,13633,Junior,Operations,Central,703,67,0.045973387,609,51,94,16,NA
630,13655,Junior,Sales,Central,563,193,0.021112625,443,178,120,15,167.07983
631,13657,Junior,Sales,Central,296,184,0.028805753,268,168,28,16,76.097366
632,13659,Junior,R&D,Central,689,0,0.023758203,489,0,200,0,NA
633,13661,Junior,R&D,Central,1234,313,0.019142782,730,246,504,67,NA
634,13663,Junior,Operations,South,349,165,0.010727824,349,116,0,49,NA
635,15114,MidLevel,Operations,West,1231,0,0.049861293,891,0,340,0,NA
636,15115,Junior,Operations,West,71,0,0.005242495,69,0,2,0,NA
637,15117,Junior,Operations,West,224,0,0.025605448,210,0,14,0,NA
638,15118,Junior,Operations,West,330,0,0.018766362,280,0,50,0,NA
639,16612,Junior,G&A,West,765,0,0.051603515,715,0,50,0,NA
640,17261,Junior,Operations,West,415,0,0.028618228,377,0,38,0,NA
641,17262,Junior,Operations,West,2522,2254,0.13530193,2284,2189,238,65,NA
642,17307,MidLevel,Operations,South,2762,0,0.12376521,2048,0,714,0,NA
643,17864,Junior,Operations,West,1295,6,0.034958541,1139,6,156,0,NA
644,18007,Junior,Sales,South,329,70,0.014820562,193,28,136,42,80.033249
645,18055,Junior,Sales,South,939,402,0.012973351,343,400,596,2,66.268448
646,18296,Junior,G&A,Central,542,15,0.013254532,314,15,228,0,NA
647,18529,MidLevel,Marketing,East,8596,0,0.41226941,7028,0,1568,0,NA
648,27855,Junior,Marketing,Central,3271,1116,0.53384209,3271,962,0,154,NA
649,28884,Junior,Marketing,East,12196,0,0.23868755,6864,0,5332,0,NA
650,33053,MidLevel,G&A,Central,3697,783,0.20609581,2577,623,1120,160,NA
651,33054,MidLevel,Operations,Central,1626,0,0.08777193,1182,0,444,0,NA
652,33055,Junior,G&A,Central,722,111,0.056932911,602,96,120,15,NA
653,33056,Junior,Sales,Central,3437,361,0.069902956,2303,256,1134,105,128.99976
654,33057,Junior,Marketing,Central,410,410,0.030570153,328,156,82,254,NA
655,33058,MidLevel,Marketing,Central,2634,518,0.13618055,1490,361,1144,157,NA
656,33059,Junior,Sales,Central,3913,236,0.093621515,2193,212,1720,24,152.5948
657,33060,Junior,R&D,Central,2498,626,0.067956194,1050,475,1448,151,NA
658,33061,MidLevel,Operations,Central,2402,1583,0.13944381,2384,1020,18,563,NA
659,33062,Junior,Sales,Central,6522,96,0.094395742,3094,66,3428,30,84.871666
660,33063,Junior,Marketing,Central,3383,0,0.066418618,2147,0,1236,0,NA
661,33064,MidLevel,Marketing,Central,3402,567,0.096294202,1986,394,1416,173,NA
662,33065,MidLevel,Sales,Central,5391,693,0.083555311,2751,506,2640,187,75.346222
663,33066,Junior,Sales,Central,6346,94,0.19359978,2770,64,3576,30,177.77232
664,33067,Junior,Sales,Central,2727,205,0.093001544,1677,172,1050,33,50.847988
665,33068,MidLevel,Sales,Central,13542,486,0.38079903,6628,462,6914,24,120.29803
666,33070,Exec,R&D,Central,18060,5913.4,0.53736758,14562,4933,3498,980.4,NA
667,33071,Junior,Marketing,Central,6000,1667,0.31042841,3508,1483,2492,184,NA
668,33073,Junior,Sales,Central,3764,487,0.17039047,2068,448,1696,39,139.69331
669,33074,Junior,R&D,Central,234,655,0.039879777,212,606,22,49,NA
670,33075,MidLevel,G&A,Central,3571,1547,0.27512872,2839,1388,732,159,NA
671,33076,Junior,Operations,Central,3390,1409,0.2456789,2716,1270,674,139,NA
672,33077,Junior,Operations,Central,19283,946,0.81093466,13883,837,5400,109,NA
673,33078,Junior,R&D,Central,1026,929,0.16530783,926,832,100,97,NA
674,33079,Junior,R&D,Central,1375,887,0.11288033,1077,801,298,86,NA
675,33080,Junior,Operations,Central,9727,1702,0.32080197,6741,1365,2986,337,NA
676,33081,Junior,Sales,Central,1715,1097,0.27163482,1543,916,172,181,102.21213
677,33082,Junior,Operations,Central,762,769,0.082549676,562,733,200,36,NA
678,33083,MidLevel,G&A,Central,9310,0,0.4203501,7340,0,1970,0,NA
679,33084,Junior,G&A,Central,6774,873,0.48311889,4712,793,2062,80,NA
680,33085,Junior,Sales,Central,1230,1462,0.19733928,1230,1265,0,197,191.3822
681,33086,MidLevel,G&A,Central,599,566,0.10801782,597,502,2,64,NA
682,33087,Junior,Operations,Central,1427,3456,0.12054465,1069,2587,358,869,NA
683,33088,Junior,Operations,Central,478,827,0.093205035,464,784,14,43,NA
684,33089,Junior,HR,Central,168,1080,0.027673312,168,954,0,126,NA
685,33090,Junior,Operations,Central,808,428,0.075175732,634,391,174,37,NA
686,33091,Junior,G&A,Central,3149,428,0.17607138,2109,383,1040,45,NA
687,33092,Junior,Sales,Central,5873,357,0.24119316,4155,292,1718,65,168.72446
688,33093,Junior,Operations,Central,660,387,0.070439853,474,383,186,4,NA
689,33095,Junior,Operations,Central,9659,461,0.2586934,5091,384,4568,77,NA
690,33096,Junior,Operations,Central,467,93,0.038350657,303,79,164,14,NA
691,33097,Exec,Sales,Central,5420,1154,0.29678994,4576,1042,844,112,172.2943
692,33098,MidLevel,Operations,Central,8267,1839,0.2439433,4923,1647,3344,192,NA
693,33099,Junior,Operations,Central,2935,1433,0.25557622,1803,1310,1132,123,NA
694,33100,Junior,Product Management,Central,2442,2503,0.20001185,1916,2090,526,413,NA
695,33101,MidLevel,G&A,Central,7001,1277,0.24534039,5441,1106,1560,171,NA
696,33102,Junior,Operations,Central,3363,1539,0.24295379,2371,1283,992,256,NA
697,33103,Junior,Marketing,Central,15775,2202,0.43708158,12549,1899,3226,303,NA
698,33104,Junior,R&D,Central,2919,233,0.17795481,1757,221,1162,12,NA
699,33106,Junior,Marketing,Central,19911,5918,0.6666379,11883,4648,8028,1270,NA
700,33107,Junior,R&D,Central,2237,953,0.47365838,2085,860,152,93,NA
701,33109,Junior,Marketing,Central,5375,0,0.21432617,3117,0,2258,0,NA
702,33110,Junior,Operations,Central,3403,1048,0.11515871,2315,748,1088,300,NA
703,33111,Junior,G&A,Central,1408,759,0.16020225,1196,679,212,80,NA
704,33112,Junior,G&A,Central,5726,1178,0.36056644,4634,1053,1092,125,NA
705,33113,Junior,Marketing,Central,16183,1259,0.55492043,10821,1038,5362,221,NA
706,33114,MidLevel,R&D,Central,2994,2579,0.16813383,2206,2312,788,267,NA
707,33115,Junior,Operations,Central,1655,1227,0.16137719,1389,1146,266,81,NA
708,36006,Junior,Operations,East,2133,0,0.12042938,1785,0,348,0,NA
709,37513,Junior,Sales,East,2097,93,0.13779736,2033,84,64,9,126.05612
710,37516,MidLevel,G&A,East,5145,0,0.34409833,4177,0,968,0,NA
711,37517,Exec,Sales,East,12673,284,0.35236681,9589,254,3084,30,158.3419
712,37518,Exec,G&A,East,14944,0,0.4759247,12910,0,2034,0,NA
713,43158,MidLevel,Operations,East,11425,0,0.38567737,9419,0,2006,0,NA
714,44534,Junior,G&A,East,3785,0,0.19316788,3205,0,580,0,NA
715,44556,Junior,Operations,East,883,0,0.055343069,805,0,78,0,NA
716,44564,Junior,G&A,East,1252,0,0.11440168,1070,0,182,0,NA
717,44961,Junior,G&A,West,170,10,0.032032095,170,0,0,10,NA
718,45845,Junior,R&D,West,10533,1684,0.18191436,5203,1169,5330,515,NA
719,46505,Junior,Sales,East,12250,80,0.32189986,5738,65,6512,15,92.741646
720,47981,Junior,Operations,West,1480,293,0.046116777,1134,265,346,28,NA
721,48046,Junior,R&D,South,212,9,0.016376892,212,4,0,5,NA
722,50418,MidLevel,G&A,East,16502,0,0.43642962,11768,0,4734,0,NA
723,51634,Junior,R&D,Central,2423,1655,0.20790444,1899,1440,524,215,NA
724,51739,MidLevel,G&A,East,4950,0,0.37620184,4910,0,40,0,NA
725,56107,MidLevel,Sales,East,6189,385,0.33412132,3525,361,2664,24,128.98808
726,56112,MidLevel,Sales,East,4052,233,0.18960805,1914,218,2138,15,38.309734
727,60760,Junior,Sales,Central,5334,1163,0.30171183,3742,1013,1592,150,112.21138
728,60761,Junior,Sales,Central,6136,1317,0.28821042,3074,1138,3062,179,184.47835
729,60762,Junior,Sales,Central,4532,634,0.29658717,3032,555,1500,79,126.50299
730,60763,Junior,Sales,Central,2681,1353,0.25670469,2681,1184,0,169,158.3745
731,60765,Junior,Sales,Central,2108,99,0.26701307,2076,84,32,15,111.46959
732,60766,Junior,Sales,Central,1843,794,0.20967454,1257,692,586,102,121.38901
733,60767,Junior,Sales,Central,3530,1294,0.27551842,2994,1132,536,162,131.89073
734,61780,Junior,Sales,Central,16049,1554,0.9652198,12913,1344,3136,210,109.7356
735,61785,MidLevel,G&A,Central,11145,2270,0.57435268,8293,2040,2852,230,NA
736,74288,Junior,R&D,West,1871,404,0.10059517,1017,351,854,53,NA
737,74399,MidLevel,R&D,Central,17582.3,3271,0.47725177,10443,2827,7139.3,444,NA
738,76466,Junior,Marketing,East,1559,0,0.16007115,1557,0,2,0,NA
739,83272,Junior,Operations,West,6403,848,0.17277153,2991,722,3412,126,NA
740,83273,MidLevel,Operations,West,3803,0,0.25526986,2875,0,928,0,NA
741,83274,Junior,Operations,West,6333,2477,0.21819068,5815,2476,518,1,NA
742,83275,Junior,Operations,West,17285.3,1987,0.56062776,14364,1952,2921.3,35,NA
743,86309,Junior,Operations,East,991,2329,0.12136575,991,1834,0,495,NA
744,86310,MidLevel,Operations,Central,2552,1880,0.26722634,2552,1639,0,241,NA
745,86311,Junior,Operations,Central,5078,2451,0.39163661,3658,1801,1420,650,NA
746,86313,Exec,Operations,Central,11769,0,0.40450248,7807,0,3962,0,NA
747,86314,Exec,Operations,Central,8592,6094.4,0.4678821,7328,4396,1264,1698.4,NA
748,91342,MidLevel,R&D,West,13857,0,0.26789671,7915,0,5942,0,NA
749,94556,Junior,Sales,East,4771,380,0.18700093,3377,356,1394,24,151.41986
750,94607,MidLevel,G&A,East,6026,0,0.24925338,4944,0,1082,0,NA
751,94684,Junior,G&A,East,6538,0,0.25849187,3746,0,2792,0,NA
752,94815,Junior,Operations,Central,674,164,0.12163658,674,163,0,1,NA
753,94817,MidLevel,Operations,Central,2916,72,0.12347402,2570,71,346,1,NA
754,100827,Junior,Marketing,East,5956,0,0.25044543,3190,0,2766,0,NA
755,100829,Junior,G&A,East,5133,0,0.31802765,3735,0,1398,0,NA
756,100949,MidLevel,Sales,East,7900,191,0.2501829,6026,182,1874,9,70.830086
757,100950,MidLevel,Sales,East,3985,247,0.15779012,3081,217,904,30,130.7249
758,100951,MidLevel,Marketing,East,7036,0,0.1513163,3664,0,3372,0,NA
759,100952,Junior,Sales,East,4429,232,0.14927118,3055,190,1374,42,140.26707
760,101416,Junior,G&A,East,3014,0,0.14651722,2614,0,400,0,NA
761,101450,Junior,Product Management,Central,8575,3474,0.47333872,6867,2956,1708,518,NA
762,103358,Junior,Marketing,East,17788,0,0.54675508,9172,0,8616,0,NA
763,103359,Junior,R&D,East,4715,0,0.35401201,3873,0,842,0,NA
764,103507,Exec,R&D,Central,4163,3556.4,0.39465809,4121,2396,42,1160.4,NA
765,103508,Junior,Marketing,East,16826,0,0.60842645,10662,0,6164,0,NA
766,105333,Junior,Operations,East,20225,0,0.25237188,9797,0,10428,0,NA
767,105748,Junior,Sales,Central,2007,667,0.24623542,1847,569,160,98,139.98668
768,106431,MidLevel,Sales,East,7258,229,0.18981469,4974,187,2284,42,85.975891
769,108629,Junior,Sales,East,5574,66,0.23229791,4356,57,1218,9,56.906708
770,108657,MidLevel,R&D,East,7352,0,0.39443883,5828,0,1524,0,NA
771,110721,MidLevel,Sales,South,3105,30,0.09153907,1895,23,1210,7,79.394615
772,110722,MidLevel,Sales,South,6287,62,0.129071,2783,52,3504,10,133.716
773,110723,MidLevel,Sales,East,1329,183,0.099096894,1255,174,74,9,131.17834
774,110724,Junior,Sales,East,6917,95,0.22972628,3683,53,3234,42,145.03189
775,110727,MidLevel,Sales,Central,7828,895,0.17499273,4166,781,3662,114,165.03847
776,110728,MidLevel,G&A,East,4478,0,0.31861049,3922,0,556,0,NA
777,110730,Junior,Operations,East,10257,0,0.23559453,5139,0,5118,0,NA
778,110731,Junior,Operations,East,6190,0,0.12463357,4002,0,2188,0,NA
779,110732,Junior,Operations,East,7530,0,0.21757315,4090,0,3440,0,NA
780,110733,Junior,Operations,East,2195,0,0.1186698,995,0,1200,0,NA
781,110734,Junior,Operations,East,9717,0,0.16000722,4161,0,5556,0,NA
782,110735,Junior,Operations,East,93,0,0.004055001,89,0,4,0,NA
783,110737,Junior,Operations,East,12650,0,0.22065316,6548,0,6102,0,NA
784,110738,Junior,Operations,East,1455,0,0.075953528,939,0,516,0,NA
785,110739,Junior,Operations,East,1111,0,0.06109542,867,0,244,0,NA
786,110740,Junior,Operations,East,2538,0,0.096901372,1886,0,652,0,NA
787,110741,Junior,Operations,East,675,0,0.059063856,563,0,112,0,NA
788,110742,Junior,Operations,East,2024,0,0.10898725,1344,0,680,0,NA
789,110743,Junior,Operations,East,1327,0,0.062749565,1019,0,308,0,NA
790,110744,Junior,Operations,East,824,0,0.059947167,686,0,138,0,NA
791,110745,Junior,Operations,East,592,0,0.061197635,546,0,46,0,NA
792,110746,MidLevel,Sales,East,1598,296,0.15882391,1274,272,324,24,141.81767
793,110747,MidLevel,Sales,East,10466,442,0.26823255,6230,400,4236,42,116.90582
794,110748,Junior,Sales,South,4488,703,0.16379966,2450,575,2038,128,87.438133
795,110749,MidLevel,Sales,South,6912,474,0.20805426,3862,444,3050,30,58.499058
796,110750,MidLevel,Sales,South,3436,1112,0.11956085,2152,988,1284,124,139.5619
797,110751,Exec,G&A,Central,4920,872,0.19722064,2544,586,2376,286,NA
798,110753,MidLevel,Sales,Central,2856,603,0.27442002,2008,543,848,60,127.27758
799,110754,MidLevel,Sales,Central,1631,263,0.19965176,1449,233,182,30,82.926437
800,110755,MidLevel,Sales,Central,2114,237,0.23536049,1808,207,306,30,77.112839
801,110756,MidLevel,Sales,Central,7324,494,0.40327871,5338,455,1986,39,116.95264
802,110757,Junior,Sales,Central,7732,887,0.39375925,4130,759,3602,128,188.53262
803,110758,Junior,Sales,Central,2736,1085,0.24697353,2238,951,498,134,93.396744
804,110759,Junior,Sales,Central,6797,432,0.36484864,4423,384,2374,48,124.31628
805,110760,MidLevel,Sales,Central,10010,1198,0.53331083,6500,1046,3510,152,165.32869
806,110761,MidLevel,Sales,Central,1576,1103,0.17087531,1228,963,348,140,70.242775
807,110763,Junior,Sales,Central,7488,343,0.36466542,4246,245,3242,98,92.333336
808,110765,Junior,Sales,Central,5947,596,0.33143044,3819,581,2128,15,98.440987
809,110766,Junior,Sales,Central,1308,204,0.14403073,1078,186,230,18,101.80602
810,110767,Junior,Sales,Central,2341,1129,0.26653796,1565,989,776,140,81.95443
811,110768,Junior,Sales,Central,5056,696,0.34808779,3312,549,1744,147,144.33421
812,110769,Junior,Sales,Central,2693,51,0.23094678,2051,36,642,15,55.592846
813,110770,Junior,Sales,Central,3098,918,0.25485662,3098,787,0,131,84.249161
814,110771,MidLevel,Sales,Central,3687,1175,0.35235041,3687,1038,0,137,124.25429
815,110772,Junior,Sales,Central,1284,1248,0.11120605,866,1099,418,149,142.66095
816,110773,Junior,Sales,Central,20333,1110,0.50643873,7089,943,13244,167,109.83571
817,110774,Junior,Sales,Central,1096,717,0.12258223,918,630,178,87,72.578773
818,110775,Junior,Sales,Central,4812,925,0.34441948,2822,814,1990,111,194.61667
819,110776,Junior,Sales,Central,7660,1259,0.35326549,4072,1094,3588,165,189.09386
820,110777,Junior,Sales,Central,10210,1012,0.4180676,6292,901,3918,111,166.82603
821,110778,Junior,Sales,Central,6619,1213,0.33045202,3387,1039,3232,174,127.29256
822,110779,Junior,Sales,Central,5837,925,0.30936724,3339,837,2498,88,152.78247
823,110780,Junior,Sales,Central,3269,235,0.25388873,2521,200,748,35,70.60537
824,110781,MidLevel,Sales,Central,8089,703,0.36752641,4899,534,3190,169,170.33961
825,110782,MidLevel,Sales,Central,18911,704,0.48842677,11275,538,7636,166,168.78061
826,110783,MidLevel,Sales,Central,9031,921,0.3568373,8123,811,908,110,129.53331
827,110784,Junior,Sales,Central,8561,1096,0.36247128,5791,980,2770,116,197.13463
828,110785,MidLevel,Sales,Central,8109,185,0.33354264,5201,176,2908,9,82.868668
829,110786,MidLevel,Sales,Central,8601,264,0.38125822,5909,246,2692,18,84.091309
830,110787,MidLevel,Sales,Central,4027,520,0.1847821,3097,496,930,24,34.216259
831,110788,Junior,Sales,Central,4677,1209,0.23179361,3685,1080,992,129,175.90945
832,110789,MidLevel,Sales,Central,13925,809,0.36878988,6405,694,7520,115,183.39339
833,110790,MidLevel,Sales,Central,13630,1004,0.38784334,6372,858,7258,146,172.46463
834,110791,Junior,Sales,Central,18754,1203,0.54833138,10848,1044,7906,159,168.82387
835,110792,Junior,Sales,Central,6896,1207,0.34198996,4662,1034,2234,173,151.72969
836,110793,Junior,Sales,Central,10203,1326,0.33661842,5583,1138,4620,188,115.49184
837,110794,MidLevel,Sales,East,3145,259,0.11288168,1627,244,1518,15,96.539864
838,110796,Junior,Sales,East,3726,90,0.064895883,1896,60,1830,30,122.02736
839,110797,Junior,Sales,East,2700,76,0.075932749,1862,52,838,24,108.02684
840,110798,MidLevel,Sales,East,4064,199,0.31644019,3520,184,544,15,143.29025
841,110799,Junior,Sales,East,2268,76,0.052949909,1332,46,936,30,129.3912
842,110800,Junior,Sales,East,6776,92,0.11179892,2926,83,3850,9,92.828438
843,110801,MidLevel,Sales,East,3538,242,0.11693332,2024,212,1514,30,142.12241
844,110803,Junior,Sales,East,332,92,0.047957148,326,50,6,42,92.398766
845,110804,Junior,Sales,East,1871,473,0.13184921,1499,443,372,30,103.92937
846,110806,MidLevel,Sales,East,7527,419,0.18825495,5205,404,2322,15,101.49835
847,110807,Junior,Sales,East,6874,92,0.15956943,3200,50,3674,42,68.142609
848,110809,MidLevel,Sales,East,2244,204,0.072278596,1676,189,568,15,65.941277
849,110810,Junior,Sales,East,4692,62,0.18822373,3090,53,1602,9,78.794739
850,110811,Junior,Sales,East,852,75,0.059671707,730,51,122,24,42.472542
851,110812,Junior,Sales,East,1451,95,0.10955587,1253,71,198,24,87.563644
852,110814,Junior,Sales,East,3885,127,0.13879685,2787,85,1098,42,51.427738
853,110816,Junior,Sales,East,2893,325,0.10518981,1789,283,1104,42,82.629379
854,110817,Junior,Sales,East,2682,305,0.066574462,1646,275,1036,30,79.560623
855,110818,MidLevel,Sales,East,4798,241,0.19379728,3354,226,1444,15,104.9047
856,110819,Junior,Sales,East,2537,380,0.11955963,1475,356,1062,24,190.40457
857,110820,Junior,Sales,East,2774,233,0.12185378,1838,191,936,42,22.395872
858,110821,Junior,Sales,East,2276,68,0.12641157,1448,59,828,9,60.149609
859,110822,Junior,Sales,East,6099,55,0.20932679,3965,46,2134,9,154.44194
860,110823,Junior,Sales,South,1394,164,0.14080176,1158,151,236,13,41.206665
861,110824,MidLevel,Sales,South,2144,39,0.022586878,748,35,1396,4,84.704414
862,110825,MidLevel,Sales,South,369,306,0.017375547,341,297,28,9,61.899334
863,110826,Junior,Sales,East,4343,79,0.24305066,2479,70,1864,9,102.43359
864,110828,Junior,Sales,East,1530,122,0.045955766,1026,92,504,30,97.001625
865,110830,MidLevel,Sales,East,4838,303,0.16623664,3134,273,1704,30,62.704849
866,110831,Junior,Sales,East,13142,76,0.17757769,5712,52,7430,24,163.70598
867,110832,Junior,Sales,South,7976,516,0.097923912,3948,457,4028,59,107.49541
868,110833,MidLevel,Sales,South,960,71,0.033679955,960,67,0,4,86.702873
869,110834,MidLevel,Sales,South,5099,92,0.080321573,2559,86,2540,6,122.57549
870,110835,MidLevel,Sales,South,1943,36,0.035221178,651,32,1292,4,119.37735
871,110837,Junior,Sales,South,3444,128,0.11590307,1414,119,2030,9,96.719452
872,110838,Exec,Operations,Central,9443,1891,0.3876746,7105,1598,2338,293,NA
873,110839,Junior,Operations,Central,787,0,0.082671128,731,0,56,0,NA
874,110840,MidLevel,R&D,West,2761,2629,0.18402003,2647,1910,114,719,NA
875,110841,Junior,R&D,West,5758,730,0.17830139,3904,555,1854,175,NA
876,110842,Junior,R&D,West,9458,1845,0.25235823,6444,1360,3014,485,NA
877,110843,Junior,R&D,West,9856,1754,0.23126276,5850,1200,4006,554,NA
878,110844,MidLevel,R&D,West,15565,3245.4,0.36776757,10351,2504,5214,741.4,NA
879,110845,Junior,R&D,West,990,854,0.070364609,722,722,268,132,NA
880,110846,Junior,R&D,West,3097,722,0.12974067,2605,648,492,74,NA
881,110847,Junior,R&D,West,3815,1089,0.098600298,2909,981,906,108,NA
882,110848,Junior,R&D,West,803,600,0.044774339,783,516,20,84,NA
883,110849,MidLevel,R&D,West,4205,0,0.1402674,3519,0,686,0,NA
884,110850,Junior,R&D,West,2898,371,0.07167279,2324,318,574,53,NA
885,110851,Junior,R&D,West,7018,1945,0.15370728,4784,1719,2234,226,NA
886,110852,Junior,R&D,West,2212,1341,0.089852698,1652,1206,560,135,NA
887,110853,Junior,R&D,West,1782,680,0.077397317,1542,594,240,86,NA
888,110854,Junior,R&D,West,2118,328,0.068918847,1740,288,378,40,NA
889,110855,Junior,R&D,West,1021,670,0.050409023,903,600,118,70,NA
890,110856,Junior,R&D,West,12537,958,0.1687755,5033,841,7504,117,NA
891,110857,Junior,R&D,West,1365,1347,0.061566208,1135,1223,230,124,NA
892,110858,Junior,R&D,West,1199,1125,0.048856195,1083,990,116,135,NA
893,110860,Junior,R&D,West,959,12,0.071761355,787,12,172,0,NA
894,110861,MidLevel,R&D,West,5108,1856,0.19406177,4022,1592,1086,264,NA
895,110862,MidLevel,R&D,West,2693,573,0.069854155,1289,513,1404,60,NA
896,110863,MidLevel,R&D,West,2183,4223,0.17692022,2183,3203,0,1020,NA
897,110864,Junior,R&D,West,2485,375,0.063896962,1423,330,1062,45,NA
898,110865,Junior,R&D,West,789,541,0.060297392,789,519,0,22,NA
899,110866,Junior,R&D,West,1100,827,0.062639773,956,744,144,83,NA
900,110867,Junior,R&D,West,336,797,0.04710938,336,698,0,99,NA
901,110869,Junior,R&D,West,2516,1225,0.075764515,1430,1108,1086,117,NA
902,110870,Junior,G&A,West,2945,43,0.1720109,2009,30,936,13,NA
903,110871,Exec,G&A,West,1512,2128,0.19051877,1496,1650,16,478,NA
904,110872,Junior,Operations,West,1251,1480,0.062089436,1195,1342,56,138,NA
905,110873,MidLevel,Operations,West,1040,1634,0.081614301,938,1370,102,264,NA
906,110874,Junior,Operations,West,1130,1083,0.068713531,998,962,132,121,NA
907,110875,Junior,Operations,West,2877,1317,0.14306149,2367,1052,510,265,NA
908,110876,Junior,Operations,West,1478,1777,0.099150985,1478,1353,0,424,NA
909,110877,Junior,Operations,West,2381,1096,0.080867305,1477,761,904,335,NA
910,110879,Junior,Operations,West,1613,4673,0.081574038,1219,3430,394,1243,NA
911,110880,Junior,Operations,West,3977,2585,0.16231605,2743,2178,1234,407,NA
912,110881,Junior,Operations,West,2023,416,0.11846659,1377,292,646,124,NA
913,110882,Junior,Operations,West,1875,5119,0.15440695,1875,3755,0,1364,NA
914,110883,Junior,Operations,West,11168,2782.4,0.24247056,7290,1798,3878,984.4,NA
915,110884,Junior,Operations,West,5353,0,0.21252733,3787,0,1566,0,NA
916,110885,Junior,Operations,West,2078,141,0.099995531,1650,131,428,10,NA
917,110887,Junior,Operations,West,5025,0,0.22646023,3917,0,1108,0,NA
918,110888,Junior,Operations,West,626,762,0.038275018,502,553,124,209,NA
919,110890,Junior,Operations,West,2237,1767,0.13171458,1717,1277,520,490,NA
920,110891,Junior,Operations,West,1483,4075,0.13589786,1455,2926,28,1149,NA
921,110892,MidLevel,Operations,West,8810,4855,0.47950941,5854,3391,2956,1464,NA
922,110893,Junior,Operations,West,2187,158,0.16898926,2053,149,134,9,NA
923,110894,MidLevel,Operations,West,5937,0,0.20329459,4685,0,1252,0,NA
924,110895,Junior,Operations,West,4973,2016,0.19992346,4635,1933,338,83,NA
925,110896,Junior,Operations,West,3121,3915,0.18669893,2905,3809,216,106,NA
926,110897,Junior,Operations,West,5914,1608,0.19785623,4914,1517,1000,91,NA
927,110898,MidLevel,Operations,West,2323,0,0.1645997,2289,0,34,0,NA
928,110899,MidLevel,Operations,West,14800,2695,0.2881926,12936,2565,1864,130,NA
929,110900,Junior,Operations,West,2492,1506,0.12392576,2178,1362,314,144,NA
930,110902,Junior,Operations,West,2299,3146,0.1384636,2185,2649,114,497,NA
931,110903,Junior,Operations,West,4505,2495,0.25748414,3847,2399,658,96,NA
932,110904,Junior,Operations,West,3877,0,0.17916094,3315,0,562,0,NA
933,110905,Exec,Operations,West,2090,4173,0.20873506,2090,3961,0,212,NA
934,110906,MidLevel,Operations,West,7864,130,0.19851457,4960,128,2904,2,NA
935,110907,MidLevel,Operations,West,2226,1192,0.21156049,2050,751,176,441,NA
936,110908,Junior,Operations,West,341,77,0.042358741,263,63,78,14,NA
937,110909,Junior,Operations,West,13544,997,0.20954049,6376,891,7168,106,NA
938,110910,Junior,Operations,West,1996,140,0.11037514,1674,117,322,23,NA
939,110911,MidLevel,Operations,West,2881,987,0.17830129,2881,902,0,85,NA
940,110912,Junior,Operations,West,5726,1240,0.24194352,4864,1088,862,152,NA
941,110913,Junior,Operations,West,2055,559,0.11481859,1961,494,94,65,NA
942,110914,Junior,Operations,West,5483,774,0.1965735,4505,684,978,90,NA
943,110915,Junior,Operations,West,6513,534,0.18624875,5527,452,986,82,NA
944,110916,Junior,Operations,West,9778,0,0.23746699,5294,0,4484,0,NA
945,110917,Junior,Operations,West,6444,0,0.15632465,5322,0,1122,0,NA
946,110918,MidLevel,Sales,West,1695,81,0.1445976,1641,66,54,15,93.941895
947,110919,Junior,Sales,West,12612,64,0.33824399,10090,49,2522,15,147.56586
948,110920,Junior,Sales,West,3312,867,0.20531927,2594,695,718,172,84.979477
949,110921,Junior,Sales,West,7927,1086,0.24173006,4995,901,2932,185,176.6058
950,110922,Junior,Sales,West,3282,977,0.13472323,2156,818,1126,159,106.77955
951,110923,Junior,Sales,West,3920,571,0.21808822,3142,441,778,130,87.996269
952,110924,Junior,Sales,West,3265,103,0.28111252,2669,61,596,42,100
953,110925,Junior,Operations,West,6127,2535,0.25716302,4223,1842,1904,693,NA
954,110926,Junior,Sales,West,4926,1267,0.18203843,3364,1101,1562,166,150.20651
955,110927,Junior,Sales,West,7545,99,0.21899745,4685,84,2860,15,137.67458
956,110928,Junior,Sales,West,7351,92,0.29091674,4787,77,2564,15,106.60072
957,110929,Junior,Sales,West,5283,1098,0.33840302,3275,860,2008,238,78.477745
958,110930,Junior,Sales,West,2313,1528,0.18225566,2313,1124,0,404,134.22641
959,110931,Junior,Sales,West,1570,130,0.061760008,1270,125,300,5,79.726013
960,110932,Junior,Sales,West,3025,187,0.088177688,2703,160,322,27,69.107727
961,110933,Junior,Sales,West,2758,393,0.1362966,1882,333,876,60,104.07827
962,110934,Junior,Sales,West,5660,1013,0.17316069,3762,851,1898,162,135.87947
963,110935,Junior,Sales,West,2864,156,0.12429707,2162,130,702,26,138.71671
964,110936,Junior,Sales,West,2546,269,0.10261416,1946,254,600,15,27.857828
965,110937,MidLevel,Sales,West,4575,1936,0.34555274,4381,1594,194,342,162.48804
966,110938,Junior,Sales,East,1853,414,0.029418547,1017,405,836,9,73.978691
967,110939,MidLevel,Sales,East,4632,398,0.19935434,2834,368,1798,30,93.100662
968,110940,Exec,R&D,Central,1270,712,0.0786741,1138,595,132,117,NA
969,110941,MidLevel,R&D,Central,6543,1989,0.46985486,4659,1770,1884,219,NA
970,110942,Exec,R&D,Central,5816,3570,0.27378151,4562,2782,1254,788,NA
971,110943,Exec,R&D,Central,3852,4014,0.27730563,3182,3382,670,632,NA
972,110944,Exec,R&D,Central,4036,0,0.26300365,3612,0,424,0,NA
973,110945,MidLevel,R&D,Central,5746,1383,0.17744434,4460,1182,1286,201,NA
974,110946,MidLevel,R&D,Central,4431,1539,0.22367823,2755,1410,1676,129,NA
975,110947,MidLevel,R&D,Central,4825,2784,0.2071068,3573,2518,1252,266,NA
976,110948,Junior,R&D,Central,5039,1920,0.44578233,3911,1698,1128,222,NA
977,110949,Junior,R&D,Central,1876,1967,0.14910731,1496,1664,380,303,NA
978,110950,Junior,R&D,Central,1269,967,0.094706535,1077,869,192,98,NA
979,110951,Junior,R&D,Central,3579,1418,0.22237028,2983,1293,596,125,NA
980,110952,MidLevel,R&D,Central,2803,2472,0.25388575,1937,2227,866,245,NA
981,110953,MidLevel,R&D,Central,1319,2283,0.09329439,1011,2033,308,250,NA
982,110954,MidLevel,R&D,Central,3467,1196,0.13117398,2943,1109,524,87,NA
983,110955,MidLevel,R&D,Central,1621,0,0.057110097,1249,0,372,0,NA
984,110956,Exec,R&D,Central,4426,4830,0.30929515,3144,3960,1282,870,NA
985,110957,Junior,R&D,Central,1762,2582,0.17184426,1364,2199,398,383,NA
986,110958,Junior,R&D,Central,723,1551,0.085713223,639,1375,84,176,NA
987,110959,MidLevel,R&D,Central,4859,1533,0.39587376,3823,1276,1036,257,NA
988,110960,MidLevel,R&D,Central,4808,0,0.29761288,3596,0,1212,0,NA
989,110961,MidLevel,R&D,Central,6757,1552,0.36495453,5237,1389,1520,163,NA
990,110962,MidLevel,R&D,Central,1232,1102,0.093863316,1048,1002,184,100,NA
991,110963,MidLevel,R&D,Central,1082,0,0.11837072,1000,0,82,0,NA
992,110964,MidLevel,R&D,Central,1679,4379,0.11088312,1483,3437,196,942,NA
993,110965,Exec,R&D,Central,2428,5468.4,0.18501288,2160,3741,268,1727.4,NA
994,110966,MidLevel,R&D,Central,2061,1533,0.17989229,1817,1247,244,286,NA
995,110967,MidLevel,R&D,Central,918,2194,0.051312003,618,1619,300,575,NA
996,110968,MidLevel,R&D,Central,3423,1328,0.12721127,2547,1229,876,99,NA
997,110969,MidLevel,R&D,Central,2945,0,0.20456356,2429,0,516,0,NA
998,110970,Junior,R&D,Central,532,821,0.053067639,440,748,92,73,NA
999,110971,Junior,R&D,Central,1126,1593,0.13261072,830,1469,296,124,NA
1000,110972,Junior,R&D,Central,108,83,0.01833877,108,82,0,1,NA
1001,110973,Junior,R&D,Central,2555,1374,0.14849,1887,1187,668,187,NA
1002,110974,MidLevel,R&D,Central,2360,0,0.11240114,1440,0,920,0,NA
1003,110975,MidLevel,R&D,Central,3331,1275,0.10008168,2107,1047,1224,228,NA
1004,110976,MidLevel,R&D,Central,1263,1512,0.084464185,939,1319,324,193,NA
1005,110977,Junior,R&D,Central,702,1460,0.082354255,620,1311,82,149,NA
1006,110978,MidLevel,R&D,Central,3737,1862,0.16334759,2387,1580,1350,282,NA
1007,110979,MidLevel,R&D,Central,3533,3660,0.23044485,3019,2864,514,796,NA
1008,110980,MidLevel,R&D,Central,9346,1784,0.17082641,4116,1461,5230,323,NA
1009,110981,Exec,R&D,Central,3523,4461.4,0.27809384,3513,3157,10,1304.4,NA
1010,110982,Junior,R&D,Central,7616,3650,0.28584206,4848,2962,2768,688,NA
1011,110983,MidLevel,R&D,Central,4055,2721,0.18122625,2973,1959,1082,762,NA
1012,110984,MidLevel,R&D,Central,1361,5535,0.12846425,1361,4335,0,1200,NA
1013,110985,MidLevel,R&D,Central,1379,60,0.10740776,861,46,518,14,NA
1014,110986,MidLevel,R&D,Central,2964,813,0.15659837,2180,746,784,67,NA
1015,110987,MidLevel,R&D,Central,9132,4013,0.36043909,6792,3178,2340,835,NA
1016,110988,Junior,R&D,Central,1303,0,0.075973518,887,0,416,0,NA
1017,110989,Exec,R&D,Central,8030,4475.4,0.40940145,7082,3327,948,1148.4,NA
1018,110990,MidLevel,R&D,Central,2162,931,0.1224542,1814,852,348,79,NA
1019,110991,Junior,R&D,Central,1546,0,0.088898115,834,0,712,0,NA
1020,110992,Junior,R&D,Central,3456,486,0.11760173,2514,452,942,34,NA
1021,110993,Junior,R&D,Central,2156,1294,0.099516943,2156,1146,0,148,NA
1022,110994,Junior,R&D,Central,5335,1536,0.32379982,4485,1364,850,172,NA
1023,110995,MidLevel,R&D,Central,14527.3,3373,0.42122903,11309,2921,3218.3,452,NA
1024,110996,MidLevel,R&D,Central,4844,1611,0.24309623,3822,1438,1022,173,NA
1025,110997,MidLevel,R&D,Central,6156,0,0.1858844,4886,0,1270,0,NA
1026,110998,MidLevel,R&D,Central,3926,717,0.11640617,3054,654,872,63,NA
1027,110999,MidLevel,R&D,Central,2296,614,0.172686,2020,576,276,38,NA
1028,111000,MidLevel,R&D,Central,4763,1734,0.22474173,4001,1532,762,202,NA
1029,111001,MidLevel,R&D,Central,5325,0,0.18194866,4003,0,1322,0,NA
1030,111002,MidLevel,R&D,Central,1409,416,0.078481227,1149,355,260,61,NA
1031,111003,MidLevel,R&D,Central,4010,4634,0.24041043,4010,4034,0,600,NA
1032,111004,MidLevel,R&D,Central,1849,1145,0.1088364,1557,1008,292,137,NA
1033,111005,Junior,R&D,Central,923,1206,0.059140306,767,1060,156,146,NA
1034,111006,MidLevel,R&D,Central,6322,0,0.29087353,4412,0,1910,0,NA
1035,111007,MidLevel,R&D,Central,3915,2307,0.16159144,3367,2027,548,280,NA
1036,111008,MidLevel,R&D,Central,3255,2369,0.16427076,2571,2148,684,221,NA
1037,111009,MidLevel,R&D,Central,2108,790,0.10679565,1542,715,566,75,NA
1038,111010,MidLevel,R&D,Central,573,1049,0.064507529,541,910,32,139,NA
1039,111011,MidLevel,R&D,Central,11302,3121,0.33425015,7152,2386,4150,735,NA
1040,111012,Junior,R&D,Central,9944,3715,0.30073279,7640,2838,2304,877,NA
1041,111013,MidLevel,R&D,Central,10894,3367,0.35928792,7232,2617,3662,750,NA
1042,111014,MidLevel,R&D,Central,8216,6339,0.37659031,7090,5122,1126,1217,NA
1043,111016,Junior,R&D,Central,4968,0,0.31324208,4116,0,852,0,NA
1044,111017,MidLevel,R&D,Central,2975,6069,0.292739,2959,4824,16,1245,NA
1045,111018,Exec,R&D,Central,5834,3106.4,0.33198988,4826,2114,1008,992.4,NA
1046,111019,Exec,G&A,Central,17725,1617,0.42114532,9107,1434,8618,183,NA
1047,111020,Exec,G&A,Central,9500,1935,0.44415376,7356,1590,2144,345,NA
1048,111021,Exec,G&A,Central,6392,3791,0.38326284,4208,2680,2184,1111,NA
1049,111022,Exec,G&A,Central,12102,2481,0.40148276,4700,2073,7402,408,NA
1050,111023,MidLevel,G&A,Central,2138,225,0.20215523,1756,200,382,25,NA
1051,111024,Junior,G&A,Central,1845,1045,0.25687626,1339,929,506,116,NA
1052,111025,Exec,G&A,Central,5653,2394,0.44787529,5653,2097,0,297,NA
1053,111026,MidLevel,G&A,Central,6935,1922,0.45750448,6321,1702,614,220,NA
1054,111027,Exec,HR,Central,6869,3438,0.52248234,5309,2851,1560,587,NA
1055,111028,Exec,G&A,Central,20181.3,2012,0.59989917,11131,1687,9050.3,325,NA
1056,111029,MidLevel,G&A,Central,6625,1948,0.34169704,4455,1761,2170,187,NA
1057,111030,Junior,G&A,Central,4905,1635,0.2047738,2951,1466,1954,169,NA
1058,111031,Junior,G&A,Central,7300,1305,0.31584319,5560,1169,1740,136,NA
1059,111032,Junior,Operations,Central,1909,1193,0.076626904,1135,1099,774,94,NA
1060,111033,MidLevel,Operations,Central,850,1003,0.040499277,848,917,2,86,NA
1061,111034,MidLevel,Operations,Central,1655,5581,0.14759658,1499,4245,156,1336,NA
1062,111035,MidLevel,Operations,Central,1181,1027,0.16509317,1181,875,0,152,NA
1063,111036,MidLevel,Operations,Central,2874,1564,0.10393611,1376,1409,1498,155,NA
1064,111037,MidLevel,Operations,Central,11944,2946.4,0.38947663,8326,2082,3618,864.4,NA
1065,111038,Junior,Operations,Central,3436,5348,0.16185641,2218,4153,1218,1195,NA
1066,111039,MidLevel,Operations,Central,10817,3290,0.32517093,8869,2889,1948,401,NA
1067,111040,MidLevel,Operations,Central,3840,2407,0.24071927,3648,1993,192,414,NA
1068,111041,MidLevel,Operations,Central,11691,1778,0.48836562,10269,1431,1422,347,NA
1069,111042,Junior,Operations,Central,1682,780,0.090476982,1218,707,464,73,NA
1070,111043,Junior,Operations,Central,1477,1681,0.10458326,1249,1515,228,166,NA
1071,111044,Junior,Operations,Central,4182,1875,0.19570017,3164,1631,1018,244,NA
1072,111045,Junior,Operations,Central,445,634,0.055415861,427,562,18,72,NA
1073,111046,Junior,Operations,Central,1229,261,0.084309533,1083,243,146,18,NA
1074,111047,Junior,Operations,Central,3403,1902,0.20553045,3393,1661,10,241,NA
1075,111048,Junior,Operations,Central,1571,2490,0.098678939,1563,2156,8,334,NA
1076,111049,Junior,Operations,Central,9707,0,0.25449955,6577,0,3130,0,NA
1077,111050,MidLevel,Operations,Central,2935,0,0.2134147,2485,0,450,0,NA
1078,111051,Junior,Operations,Central,1867,1122,0.12870193,1465,778,402,344,NA
1079,111052,Exec,Operations,Central,4356,2397,0.29586208,3652,2010,704,387,NA
1080,111053,Exec,Operations,Central,7116,3449,0.44314954,6150,2726,966,723,NA
1081,111054,MidLevel,Operations,Central,5135,2788,0.32016918,4115,2436,1020,352,NA
1082,111055,MidLevel,Operations,Central,3374,3949,0.28123876,2580,2970,794,979,NA
1083,111056,MidLevel,Operations,Central,1940,2423,0.27796647,1940,2058,0,365,NA
1084,111057,MidLevel,Operations,Central,5168,1890,0.17044817,3686,1485,1482,405,NA
1085,111058,Junior,Operations,Central,1175,1172,0.046002924,1057,1085,118,87,NA
1086,111059,Junior,Operations,Central,2616,35,0.13555589,1572,29,1044,6,NA
1087,111060,Junior,Operations,Central,531,58,0.11872027,525,51,6,7,NA
1088,111061,Junior,Marketing,Central,12783,1380,0.45650005,7145,1205,5638,175,NA
1089,111062,Junior,Operations,Central,4634,1153,0.25395808,2762,1043,1872,110,NA
1090,111064,Junior,Operations,Central,5558,1287,0.31660905,4002,1139,1556,148,NA
1091,111065,Junior,Operations,Central,2250,1031,0.36681944,2250,931,0,100,NA
1092,111066,Junior,Operations,Central,584,11,0.10277702,530,11,54,0,NA
1093,111067,Exec,Sales,Central,3526,230,0.33601078,2554,200,972,30,75.495514
1094,111068,Junior,Sales,Central,3844,1286,0.26946327,2372,1109,1472,177,137.45268
1095,111069,Junior,Sales,Central,7741,560,0.40835604,5913,480,1828,80,190.55539
1096,111070,MidLevel,Sales,Central,3686,1035,0.33717537,3682,883,4,152,187.36826
1097,111071,Exec,Sales,Central,6075,1630,0.5707128,4949,1411,1126,219,146.26048
1098,111072,MidLevel,Sales,Central,20351,807,0.81390077,9933,654,10418,153,66.480209
1099,111073,Exec,Sales,Central,13825,1992,0.61304981,12351,1261,1474,731,148.9623
1100,111074,Junior,Sales,Central,7911,1232,0.43947387,5939,1058,1972,174,173.0687
1101,111075,Junior,Sales,Central,4320,1992,0.44183332,4320,1608,0,384,114.65015
1102,111076,Exec,Sales,Central,11908,1992,0.43739441,8446,1612,3462,380,145.99054
1103,111077,MidLevel,Sales,Central,3491,181,0.34537381,2341,142,1150,39,95.645378
1104,111078,Exec,Sales,Central,7153,1992,0.56985509,7095,1610,58,382,155.92284
1105,111079,Junior,Sales,Central,3388,746,0.2507382,2884,656,504,90,141.48288
1106,111080,MidLevel,Sales,Central,11552,209,0.6788798,8646,200,2906,9,78.78389
1107,111081,Junior,Operations,South,200,0,0.006843065,196,0,4,0,NA
1108,111082,MidLevel,Sales,South,8656,391,0.21156392,3602,387,5054,4,137.04233
1109,111083,MidLevel,Sales,South,2533,72,0.11412365,1487,67,1046,5,42.109459
1110,111084,Junior,Sales,South,4273,107,0.27018511,3323,92,950,15,103.37978
1111,111085,Junior,Sales,East,3431,84,0.085331947,1751,60,1680,24,120.64569
1112,111086,MidLevel,Sales,East,3346,213,0.098933004,2566,198,780,15,44.114914
1113,111087,Junior,Sales,East,4681,75,0.063989937,1627,51,3054,24,110.59844
1114,111088,MidLevel,Sales,East,1980,431,0.10029757,1626,401,354,30,78.089203
1115,111089,Junior,Sales,East,1109,79,0.10067361,1085,55,24,24,67.389938
1116,111090,MidLevel,Sales,East,7620,182,0.069186859,2642,167,4978,15,77.770607
1117,111091,Junior,Sales,East,7974,81,0.20229769,3000,66,4974,15,162.5607
1118,111092,MidLevel,R&D,South,2986,0,0.068104975,2402,0,584,0,NA
1119,111093,Junior,R&D,South,1332,691,0.041074164,1332,579,0,112,NA
1120,111094,MidLevel,R&D,South,6395,240,0.096060343,3867,208,2528,32,NA
1121,111095,Junior,R&D,South,3100,298,0.045512144,1642,268,1458,30,NA
1122,111097,Junior,R&D,South,856,9,0.033404965,462,0,394,9,NA
1123,111098,Junior,R&D,South,1572,297,0.051328983,1572,167,0,130,NA
1124,111099,MidLevel,R&D,South,1049,19,0.054870903,1027,13,22,6,NA
1125,111101,Junior,R&D,South,1832,0,0.075226337,1804,0,28,0,NA
1126,111103,Exec,HR,South,7669,215,0.28163049,5923,148,1746,67,NA
1127,111104,Exec,Operations,South,1748,266,0.14879566,1670,235,78,31,NA
1128,111105,MidLevel,Operations,South,5118,0,0.11392925,2822,0,2296,0,NA
1129,111106,Junior,Operations,South,2489,1,0.062353522,1655,1,834,0,NA
1130,111107,Junior,Operations,South,578,0,0.022309022,374,0,204,0,NA
1131,111109,Junior,Operations,South,2467,584,0.080325119,1649,465,818,119,NA
1132,111110,Junior,Operations,South,2544,1025,0.066791624,1754,816,790,209,NA
1133,111111,MidLevel,Operations,South,2402,109,0.14607294,2342,86,60,23,NA
1134,111112,Junior,Operations,South,6649,521,0.17109036,4585,428,2064,93,NA
1135,111115,Junior,Operations,South,402,431,0.019650258,402,345,0,86,NA
1136,111116,Junior,Operations,South,949,0,0.069514431,931,0,18,0,NA
1137,111117,MidLevel,Operations,South,1680,377,0.10885799,1476,324,204,53,NA
1138,111118,Junior,Operations,South,2080,6,0.086775139,1564,5,516,1,NA
1139,111119,Junior,Operations,South,801,0,0.039447296,799,0,2,0,NA
1140,111120,MidLevel,Operations,South,4278,4451,0.18584284,2610,3506,1668,945,NA
1141,111121,Junior,Operations,South,1955,0,0.082398176,1403,0,552,0,NA
1142,111122,Junior,Operations,South,3911,58,0.056954466,2147,58,1764,0,NA
1143,111124,MidLevel,Sales,South,13608,290,0.22943622,7222,272,6386,18,87.055786
1144,111125,MidLevel,Sales,South,4506,39,0.062297639,1950,35,2556,4,80.444817
1145,111126,MidLevel,Sales,South,6109,59,0.095775075,2917,52,3192,7,18.230772
1146,111127,Junior,Sales,South,8372,67,0.098875292,3180,61,5192,6,72.984749
1147,111128,Junior,Sales,South,939,458,0.026901228,665,443,274,15,92.111298
1148,111129,Junior,Sales,East,4519,84,0.17312969,2463,54,2056,30,151.87054
1149,111130,Junior,R&D,East,2470,189,0.22590488,1888,126,582,63,NA
1150,111131,Exec,R&D,East,4635,4945,0.36469719,4077,3602,558,1343,NA
1151,111132,Junior,R&D,East,5916,383,0.29172027,3862,215,2054,168,NA
1152,111133,Junior,R&D,East,382,0,0.05281039,380,0,2,0,NA
1153,111134,MidLevel,R&D,East,1882,174,0.084715754,1092,95,790,79,NA
1154,111135,MidLevel,R&D,East,5205,17,0.1808327,2359,14,2846,3,NA
1155,111136,Junior,R&D,East,281,175,0.059022415,281,93,0,82,NA
1156,111137,MidLevel,R&D,East,1786,276,0.15191521,1248,219,538,57,NA
1157,111138,MidLevel,R&D,East,10057,0,0.26357785,6869,0,3188,0,NA
1158,111140,MidLevel,R&D,East,535,561,0.078482188,533,371,2,190,NA
1159,111141,MidLevel,R&D,East,1648,230,0.041604415,1108,120,540,110,NA
1160,111143,MidLevel,R&D,East,8429,0,0.26109135,5065,0,3364,0,NA
1161,111146,MidLevel,R&D,East,18359,0,0.47435185,13131,0,5228,0,NA
1162,111147,Exec,G&A,East,15884.3,1504,0.59139049,8627,1224,7257.3,280,NA
1163,111148,MidLevel,G&A,East,4602,0,0.32914266,3858,0,744,0,NA
1164,111149,Exec,G&A,East,3087,0,0.21805874,3071,0,16,0,NA
1165,111150,Exec,G&A,East,2198,0,0.1921729,2190,0,8,0,NA
1166,111151,Junior,G&A,East,3440,0,0.1941039,2782,0,658,0,NA
1167,111152,Junior,G&A,East,4320,0,0.25643823,3154,0,1166,0,NA
1168,111153,MidLevel,Operations,East,2426,487,0.15675236,1888,441,538,46,NA
1169,111154,Junior,Sales,East,10237,72,0.20805079,4609,48,5628,24,124.14892
1170,111156,Exec,Sales,East,4779,424,0.32609048,4499,400,280,24,157.9942
1171,111157,Junior,Sales,East,4543,114,0.16086294,3335,90,1208,24,160.26277
1172,111159,Junior,Sales,East,5409,123,0.18565252,3721,93,1688,30,94.526321
1173,111160,Junior,Sales,East,3228,80,0.16560698,2794,56,434,24,56.650143
1174,111161,Junior,Sales,East,5431,94,0.21606654,3891,64,1540,30,122.56367
1175,111162,Junior,Sales,East,4643,111,0.24017604,3703,81,940,30,109.77224
1176,111163,MidLevel,Sales,East,12099,394,0.31929395,9473,364,2626,30,108.73994
1177,111164,Junior,Sales,East,7643,79,0.26152366,5401,55,2242,24,124.09174
1178,111165,Junior,Sales,East,7200,123,0.20913781,3286,81,3914,42,132.04716
1179,111166,Junior,Sales,East,1576,252,0.086356923,1010,210,566,42,84.90226
1180,111167,Junior,Sales,East,1838,374,0.07275822,1230,359,608,15,167.89195
1181,111168,Junior,Sales,East,3776,402,0.16825944,2846,387,930,15,63.345074
1182,111169,Junior,Sales,East,2110,249,0.093280807,1380,225,730,24,82.180664
1183,111170,Junior,Sales,East,15786,292,0.31277362,8094,277,7692,15,153.60333
1184,111171,Junior,Sales,East,4282,408,0.12307767,2782,399,1500,9,141.5482
1185,111172,Junior,Sales,East,3149,180,0.14237225,2165,165,984,15,36.414906
1186,112540,MidLevel,Product Management,Central,2189,0,0.15879394,1849,0,340,0,NA
1187,115503,MidLevel,G&A,East,6004,0,0.4338412,4660,0,1344,0,NA
1188,115506,Exec,Sales,East,3205,276,0.26565287,3197,246,8,30,77.293091
1189,117799,Junior,G&A,East,3560,0,0.34606725,3100,0,460,0,NA
1190,117801,Junior,G&A,East,9431,0,0.44810495,7095,0,2336,0,NA